boxId,transactionId,blockId,value,index,globalIndex,creationHeight,settlementHeight,ergoTree,address,assets,additionalRegisters,spentTransactionId,mainChain
1faf218c2014aa1e298bd21ee4658a1841b4ce927adfc5afa4bc8b973740bd51,9d4cc3eb6b20178f2c5a145184ec70702f31178d7576399eb0c81696fe04bf76,78d7baf7728376c89936610e21b9ae81f78544ecfa672996023c02cf2442c440,791717100000000,0,24993462,900000,905321,100e040004c094400580809cde91e7b0010580acc7f03704be944004808948058080c7b7e4992c0580b4c4c32104fe884804c0fd4f0580bcc1960b04befd4f05000400ea03d192c1b2a5730000958fa373019a73029c73037e997304a305958fa373059a73069c73077e997308a305958fa373099c730a7e99730ba305730cd193c2a7c2b2a5730d00d5040800,4L1ktFSzm3SH1UioDuUf5hyaraHird4D2dEACwQ1qHGjSKtA6KaNvSzRCZXZGf9jkfNAEC1SrYaZmCuvb2BKiXk5zW9xuvrXFT7FdNe2KqbymiZvo5UQLAm5jQY8ZBRhTZ4AFtZa1UF5nd4aofwPiL7YkJuyiL5hDHMZL1ZnyL746tHmRYMjAhCgE7d698dRhkdSeVy,[],"{'R4': {'serializedValue': '0e6f98040483030808cd039bb5fe52359a64c99a60fd944fc5e388cbdc4d37ff091cc841c3ee79060b864708cd031fb52cf6e805f80d97cde289f4f757d49accf0c83fb864b27d2cf982c37f9a8b08cd0352ac2a471339b0d23b3d2c5ce0db0e81c969f77891b9edf0bda7fd39a78184e7', 'sigmaType': 'Coll[SByte]', 'renderedValue': '98040483030808cd039bb5fe52359a64c99a60fd944fc5e388cbdc4d37ff091cc841c3ee79060b864708cd031fb52cf6e805f80d97cde289f4f757d49accf0c83fb864b27d2cf982c37f9a8b08cd0352ac2a471339b0d23b3d2c5ce0db0e81c969f77891b9edf0bda7fd39a78184e7'}}",,True
eac962e346718035b0dc83707440feee982a1bc0808682cc1b57435e5cd2a03d,ee59dc0062727b1b1dd7a7e8ca72ba4857d1af3a86ee69b3db9c7600e9c1cd1c,9d41574055f029e5063fec1ced867ebb6f5e51bdfd8121c39c282c52abc658fd,852717200000000,0,24112529,880000,886136,100e040004c094400580809cde91e7b0010580acc7f03704be944004808948058080c7b7e4992c0580b4c4c32104fe884804c0fd4f0580bcc1960b04befd4f05000400ea03d192c1b2a5730000958fa373019a73029c73037e997304a305958fa373059a73069c73077e997308a305958fa373099c730a7e99730ba305730cd193c2a7c2b2a5730d00d5040800,4L1ktFSzm3SH1UioDuUf5hyaraHird4D2dEACwQ1qHGjSKtA6KaNvSzRCZXZGf9jkfNAEC1SrYaZmCuvb2BKiXk5zW9xuvrXFT7FdNe2KqbymiZvo5UQLAm5jQY8ZBRhTZ4AFtZa1UF5nd4aofwPiL7YkJuyiL5hDHMZL1ZnyL746tHmRYMjAhCgE7d698dRhkdSeVy,[],"{'R4': {'serializedValue': '0e6f98040483030808cd039bb5fe52359a64c99a60fd944fc5e388cbdc4d37ff091cc841c3ee79060b864708cd031fb52cf6e805f80d97cde289f4f757d49accf0c83fb864b27d2cf982c37f9a8b08cd0352ac2a471339b0d23b3d2c5ce0db0e81c969f77891b9edf0bda7fd39a78184e7', 'sigmaType': 'Coll[SByte]', 'renderedValue': '98040483030808cd039bb5fe52359a64c99a60fd944fc5e388cbdc4d37ff091cc841c3ee79060b864708cd031fb52cf6e805f80d97cde289f4f757d49accf0c83fb864b27d2cf982c37f9a8b08cd0352ac2a471339b0d23b3d2c5ce0db0e81c969f77891b9edf0bda7fd39a78184e7'}}",9d4cc3eb6b20178f2c5a145184ec70702f31178d7576399eb0c81696fe04bf76,True
9bfc2d9b09b3093d0813e32e67946b667d59b9a74ed9c5b4ee70012c5fcbb060,f7d478cb33f217eb3ca64d9985063225e72f14fbfc5608209f0747f88cba65cc,42054ac009ad75fa2eb1cd776eb3e05edfbcbf58e5d88fb6aad1d8f286bb8243,912717300000000,0,23632566,860000,875206,100e040004c094400580809cde91e7b0010580acc7f03704be944004808948058080c7b7e4992c0580b4c4c32104fe884804c0fd4f0580bcc1960b04befd4f05000400ea03d192c1b2a5730000958fa373019a73029c73037e997304a305958fa373059a73069c73077e997308a305958fa373099c730a7e99730ba305730cd193c2a7c2b2a5730d00d5040800,4L1ktFSzm3SH1UioDuUf5hyaraHird4D2dEACwQ1qHGjSKtA6KaNvSzRCZXZGf9jkfNAEC1SrYaZmCuvb2BKiXk5zW9xuvrXFT7FdNe2KqbymiZvo5UQLAm5jQY8ZBRhTZ4AFtZa1UF5nd4aofwPiL7YkJuyiL5hDHMZL1ZnyL746tHmRYMjAhCgE7d698dRhkdSeVy,[],"{'R4': {'serializedValue': '0e6f98040483030808cd039bb5fe52359a64c99a60fd944fc5e388cbdc4d37ff091cc841c3ee79060b864708cd031fb52cf6e805f80d97cde289f4f757d49accf0c83fb864b27d2cf982c37f9a8b08cd0352ac2a471339b0d23b3d2c5ce0db0e81c969f77891b9edf0bda7fd39a78184e7', 'sigmaType': 'Coll[SByte]', 'renderedValue': '98040483030808cd039bb5fe52359a64c99a60fd944fc5e388cbdc4d37ff091cc841c3ee79060b864708cd031fb52cf6e805f80d97cde289f4f757d49accf0c83fb864b27d2cf982c37f9a8b08cd0352ac2a471339b0d23b3d2c5ce0db0e81c969f77891b9edf0bda7fd39a78184e7'}}",ee59dc0062727b1b1dd7a7e8ca72ba4857d1af3a86ee69b3db9c7600e9c1cd1c,True
600f852bed6f7957a413c12ed57471d2fbeace316115e6164a3e345fc0cde19e,c9ef65758ef4d23f751d9fc9aa8b70663d74a32317f36b505f0b27f757e2e951,2a216ae0e1253ad4895cee92539b368b67c09a7a2b7993b329163ab4f6f44508,927717400000000,0,22964754,850000,860984,100e040004c094400580809cde91e7b0010580acc7f03704be944004808948058080c7b7e4992c0580b4c4c32104fe884804c0fd4f0580bcc1960b04befd4f05000400ea03d192c1b2a5730000958fa373019a73029c73037e997304a305958fa373059a73069c73077e997308a305958fa373099c730a7e99730ba305730cd193c2a7c2b2a5730d00d5040800,4L1ktFSzm3SH1UioDuUf5hyaraHird4D2dEACwQ1qHGjSKtA6KaNvSzRCZXZGf9jkfNAEC1SrYaZmCuvb2BKiXk5zW9xuvrXFT7FdNe2KqbymiZvo5UQLAm5jQY8ZBRhTZ4AFtZa1UF5nd4aofwPiL7YkJuyiL5hDHMZL1ZnyL746tHmRYMjAhCgE7d698dRhkdSeVy,[],"{'R4': {'serializedValue': '0e6f98040483030808cd039bb5fe52359a64c99a60fd944fc5e388cbdc4d37ff091cc841c3ee79060b864708cd031fb52cf6e805f80d97cde289f4f757d49accf0c83fb864b27d2cf982c37f9a8b08cd0352ac2a471339b0d23b3d2c5ce0db0e81c969f77891b9edf0bda7fd39a78184e7', 'sigmaType': 'Coll[SByte]', 'renderedValue': '98040483030808cd039bb5fe52359a64c99a60fd944fc5e388cbdc4d37ff091cc841c3ee79060b864708cd031fb52cf6e805f80d97cde289f4f757d49accf0c83fb864b27d2cf982c37f9a8b08cd0352ac2a471339b0d23b3d2c5ce0db0e81c969f77891b9edf0bda7fd39a78184e7'}}",f7d478cb33f217eb3ca64d9985063225e72f14fbfc5608209f0747f88cba65cc,True
52a242a1fab1e298ac3a697265127c072b5c309400dfce07376d1813c69e8cae,4774d7e7bbb4a137c79be2947fdd8c5c209f7e9c652932d7113d60157166183f,d7aa56894d84ddf40a46c363a35140a4ed348dac0c80a789d674fe6533bad5f9,967717500000000,0,21357419,820000,834435,100e040004c094400580809cde91e7b0010580acc7f03704be944004808948058080c7b7e4992c0580b4c4c32104fe884804c0fd4f0580bcc1960b04befd4f05000400ea03d192c1b2a5730000958fa373019a73029c73037e997304a305958fa373059a73069c73077e997308a305958fa373099c730a7e99730ba305730cd193c2a7c2b2a5730d00d5040800,4L1ktFSzm3SH1UioDuUf5hyaraHird4D2dEACwQ1qHGjSKtA6KaNvSzRCZXZGf9jkfNAEC1SrYaZmCuvb2BKiXk5zW9xuvrXFT7FdNe2KqbymiZvo5UQLAm5jQY8ZBRhTZ4AFtZa1UF5nd4aofwPiL7YkJuyiL5hDHMZL1ZnyL746tHmRYMjAhCgE7d698dRhkdSeVy,[],"{'R4': {'serializedValue': '0e6f98040483030808cd039bb5fe52359a64c99a60fd944fc5e388cbdc4d37ff091cc841c3ee79060b864708cd031fb52cf6e805f80d97cde289f4f757d49accf0c83fb864b27d2cf982c37f9a8b08cd0352ac2a471339b0d23b3d2c5ce0db0e81c969f77891b9edf0bda7fd39a78184e7', 'sigmaType': 'Coll[SByte]', 'renderedValue': '98040483030808cd039bb5fe52359a64c99a60fd944fc5e388cbdc4d37ff091cc841c3ee79060b864708cd031fb52cf6e805f80d97cde289f4f757d49accf0c83fb864b27d2cf982c37f9a8b08cd0352ac2a471339b0d23b3d2c5ce0db0e81c969f77891b9edf0bda7fd39a78184e7'}}",c9ef65758ef4d23f751d9fc9aa8b70663d74a32317f36b505f0b27f757e2e951,True
e88f368bbbeaa748b5e0b8f9504f4b2cfa6740fe158e31a704a2bd56c125f31e,46dde21b62f858362797a1e2afd15c953bfcf9e9abfe5609d64fdf9110d19243,4eb6ebb9f3cefde85c168b5a89408c6841721a4f74594ca4c15e2a8351deb671,1117717600000000,0,20659115,810000,823940,100e040004c094400580809cde91e7b0010580acc7f03704be944004808948058080c7b7e4992c0580b4c4c32104fe884804c0fd4f0580bcc1960b04befd4f05000400ea03d192c1b2a5730000958fa373019a73029c73037e997304a305958fa373059a73069c73077e997308a305958fa373099c730a7e99730ba305730cd193c2a7c2b2a5730d00d5040800,4L1ktFSzm3SH1UioDuUf5hyaraHird4D2dEACwQ1qHGjSKtA6KaNvSzRCZXZGf9jkfNAEC1SrYaZmCuvb2BKiXk5zW9xuvrXFT7FdNe2KqbymiZvo5UQLAm5jQY8ZBRhTZ4AFtZa1UF5nd4aofwPiL7YkJuyiL5hDHMZL1ZnyL746tHmRYMjAhCgE7d698dRhkdSeVy,[],"{'R4': {'serializedValue': '0e6f98040483030808cd039bb5fe52359a64c99a60fd944fc5e388cbdc4d37ff091cc841c3ee79060b864708cd031fb52cf6e805f80d97cde289f4f757d49accf0c83fb864b27d2cf982c37f9a8b08cd0352ac2a471339b0d23b3d2c5ce0db0e81c969f77891b9edf0bda7fd39a78184e7', 'sigmaType': 'Coll[SByte]', 'renderedValue': '98040483030808cd039bb5fe52359a64c99a60fd944fc5e388cbdc4d37ff091cc841c3ee79060b864708cd031fb52cf6e805f80d97cde289f4f757d49accf0c83fb864b27d2cf982c37f9a8b08cd0352ac2a471339b0d23b3d2c5ce0db0e81c969f77891b9edf0bda7fd39a78184e7'}}",4774d7e7bbb4a137c79be2947fdd8c5c209f7e9c652932d7113d60157166183f,True
8e130114a671171e566382911404a67fc37ccbfe637212eaab90037e19c3336c,e179f12156061c04d375f599bd8aea7ea5e704fab2d95300efb2d87460d60b83,307a42f9811f03514a6296113f0f3932ea418974a1de279b321f346fe806bf5f,4330776400000000,0,7778,5,3850,100e040004c094400580809cde91e7b0010580acc7f03704be944004808948058080c7b7e4992c0580b4c4c32104fe884804c0fd4f0580bcc1960b04befd4f05000400ea03d192c1b2a5730000958fa373019a73029c73037e997304a305958fa373059a73069c73077e997308a305958fa373099c730a7e99730ba305730cd193c2a7c2b2a5730d00d5040800,4L1ktFSzm3SH1UioDuUf5hyaraHird4D2dEACwQ1qHGjSKtA6KaNvSzRCZXZGf9jkfNAEC1SrYaZmCuvb2BKiXk5zW9xuvrXFT7FdNe2KqbymiZvo5UQLAm5jQY8ZBRhTZ4AFtZa1UF5nd4aofwPiL7YkJuyiL5hDHMZL1ZnyL746tHmRYMjAhCgE7d698dRhkdSeVy,[],"{'R4': {'serializedValue': '0e6f98040483030808cd039bb5fe52359a64c99a60fd944fc5e388cbdc4d37ff091cc841c3ee79060b864708cd031fb52cf6e805f80d97cde289f4f757d49accf0c83fb864b27d2cf982c37f9a8b08cd0352ac2a471339b0d23b3d2c5ce0db0e81c969f77891b9edf0bda7fd39a78184e7', 'sigmaType': 'Coll[SByte]', 'renderedValue': '98040483030808cd039bb5fe52359a64c99a60fd944fc5e388cbdc4d37ff091cc841c3ee79060b864708cd031fb52cf6e805f80d97cde289f4f757d49accf0c83fb864b27d2cf982c37f9a8b08cd0352ac2a471339b0d23b3d2c5ce0db0e81c969f77891b9edf0bda7fd39a78184e7'}}",6be0b3878681e211afbc255584692c7720f8df5058ca86c818a1da6dd0b277cf,True
37dd8e64ecad679dede50e26f70bfc2f2501ef77b10d569a4e5034bb5cc2ab9a,6be0b3878681e211afbc255584692c7720f8df5058ca86c818a1da6dd0b277cf,cacf9a0b0b75f42bbcc9fc1307e0f051eeeaf393562f4caa825992b323ed9fe6,4329725300000000,0,7868,200,3873,100e040004c094400580809cde91e7b0010580acc7f03704be944004808948058080c7b7e4992c0580b4c4c32104fe884804c0fd4f0580bcc1960b04befd4f05000400ea03d192c1b2a5730000958fa373019a73029c73037e997304a305958fa373059a73069c73077e997308a305958fa373099c730a7e99730ba305730cd193c2a7c2b2a5730d00d5040800,4L1ktFSzm3SH1UioDuUf5hyaraHird4D2dEACwQ1qHGjSKtA6KaNvSzRCZXZGf9jkfNAEC1SrYaZmCuvb2BKiXk5zW9xuvrXFT7FdNe2KqbymiZvo5UQLAm5jQY8ZBRhTZ4AFtZa1UF5nd4aofwPiL7YkJuyiL5hDHMZL1ZnyL746tHmRYMjAhCgE7d698dRhkdSeVy,[],"{'R4': {'serializedValue': '0e6f98040483030808cd039bb5fe52359a64c99a60fd944fc5e388cbdc4d37ff091cc841c3ee79060b864708cd031fb52cf6e805f80d97cde289f4f757d49accf0c83fb864b27d2cf982c37f9a8b08cd0352ac2a471339b0d23b3d2c5ce0db0e81c969f77891b9edf0bda7fd39a78184e7', 'sigmaType': 'Coll[SByte]', 'renderedValue': '98040483030808cd039bb5fe52359a64c99a60fd944fc5e388cbdc4d37ff091cc841c3ee79060b864708cd031fb52cf6e805f80d97cde289f4f757d49accf0c83fb864b27d2cf982c37f9a8b08cd0352ac2a471339b0d23b3d2c5ce0db0e81c969f77891b9edf0bda7fd39a78184e7'}}",fde50a7a508282bcc3ca54660d7b26d6f2878b79ec8bb05eca7d1c1d7993d6ac,True
967eafc2e39178dac419e50ec3c1b53e8ba3a3a2f0961c21e947e9c7121f9ab1,fde50a7a508282bcc3ca54660d7b26d6f2878b79ec8bb05eca7d1c1d7993d6ac,050a4b96c0e2b4b5264f4f25a2e1fab961abb4322c88b136be549d5916c0c394,4328725200000000,0,38906,500,18683,100e040004c094400580809cde91e7b0010580acc7f03704be944004808948058080c7b7e4992c0580b4c4c32104fe884804c0fd4f0580bcc1960b04befd4f05000400ea03d192c1b2a5730000958fa373019a73029c73037e997304a305958fa373059a73069c73077e997308a305958fa373099c730a7e99730ba305730cd193c2a7c2b2a5730d00d5040800,4L1ktFSzm3SH1UioDuUf5hyaraHird4D2dEACwQ1qHGjSKtA6KaNvSzRCZXZGf9jkfNAEC1SrYaZmCuvb2BKiXk5zW9xuvrXFT7FdNe2KqbymiZvo5UQLAm5jQY8ZBRhTZ4AFtZa1UF5nd4aofwPiL7YkJuyiL5hDHMZL1ZnyL746tHmRYMjAhCgE7d698dRhkdSeVy,[],"{'R4': {'serializedValue': '0e6f98040483030808cd039bb5fe52359a64c99a60fd944fc5e388cbdc4d37ff091cc841c3ee79060b864708cd031fb52cf6e805f80d97cde289f4f757d49accf0c83fb864b27d2cf982c37f9a8b08cd0352ac2a471339b0d23b3d2c5ce0db0e81c969f77891b9edf0bda7fd39a78184e7', 'sigmaType': 'Coll[SByte]', 'renderedValue': '98040483030808cd039bb5fe52359a64c99a60fd944fc5e388cbdc4d37ff091cc841c3ee79060b864708cd031fb52cf6e805f80d97cde289f4f757d49accf0c83fb864b27d2cf982c37f9a8b08cd0352ac2a471339b0d23b3d2c5ce0db0e81c969f77891b9edf0bda7fd39a78184e7'}}",7dfb8bac76579885eb181a7013101396e0bdf19000a6a2b4c03ff45d3cec9ec2,True
ed9609bceab1e250e876e9b16e941b463613127a4df0e37ef666064f2fb80ff3,1d3d8821664568b8ffd3aa5fc284aa5e023e768bb69de9e4b2a02b8c38085674,4f7f0617b1b889423ec161cafeacc3b7a3cbdeec5541c88a66d5c641845a2d2b,4268724900000000,0,48193,15001,23064,100e040004c094400580809cde91e7b0010580acc7f03704be944004808948058080c7b7e4992c0580b4c4c32104fe884804c0fd4f0580bcc1960b04befd4f05000400ea03d192c1b2a5730000958fa373019a73029c73037e997304a305958fa373059a73069c73077e997308a305958fa373099c730a7e99730ba305730cd193c2a7c2b2a5730d00d5040800,4L1ktFSzm3SH1UioDuUf5hyaraHird4D2dEACwQ1qHGjSKtA6KaNvSzRCZXZGf9jkfNAEC1SrYaZmCuvb2BKiXk5zW9xuvrXFT7FdNe2KqbymiZvo5UQLAm5jQY8ZBRhTZ4AFtZa1UF5nd4aofwPiL7YkJuyiL5hDHMZL1ZnyL746tHmRYMjAhCgE7d698dRhkdSeVy,[],"{'R4': {'serializedValue': '0e6f98040483030808cd039bb5fe52359a64c99a60fd944fc5e388cbdc4d37ff091cc841c3ee79060b864708cd031fb52cf6e805f80d97cde289f4f757d49accf0c83fb864b27d2cf982c37f9a8b08cd0352ac2a471339b0d23b3d2c5ce0db0e81c969f77891b9edf0bda7fd39a78184e7', 'sigmaType': 'Coll[SByte]', 'renderedValue': '98040483030808cd039bb5fe52359a64c99a60fd944fc5e388cbdc4d37ff091cc841c3ee79060b864708cd031fb52cf6e805f80d97cde289f4f757d49accf0c83fb864b27d2cf982c37f9a8b08cd0352ac2a471339b0d23b3d2c5ce0db0e81c969f77891b9edf0bda7fd39a78184e7'}}",56400b3bf3d79f16a34d572b80286114e23d9baa2395d46f65ba9f9b7d577ded,True
913cc033870cfe5b4afb15e73bb1ae8407d30eca283e1204a0481b5284d8b2e6,7dfb8bac76579885eb181a7013101396e0bdf19000a6a2b4c03ff45d3cec9ec2,6377cf60534cdb22fcb88a0ed55e9312e9bbcba1465de3b332135878825cd713,4318725100000000,0,40441,5000,19416,100e040004c094400580809cde91e7b0010580acc7f03704be944004808948058080c7b7e4992c0580b4c4c32104fe884804c0fd4f0580bcc1960b04befd4f05000400ea03d192c1b2a5730000958fa373019a73029c73037e997304a305958fa373059a73069c73077e997308a305958fa373099c730a7e99730ba305730cd193c2a7c2b2a5730d00d5040800,4L1ktFSzm3SH1UioDuUf5hyaraHird4D2dEACwQ1qHGjSKtA6KaNvSzRCZXZGf9jkfNAEC1SrYaZmCuvb2BKiXk5zW9xuvrXFT7FdNe2KqbymiZvo5UQLAm5jQY8ZBRhTZ4AFtZa1UF5nd4aofwPiL7YkJuyiL5hDHMZL1ZnyL746tHmRYMjAhCgE7d698dRhkdSeVy,[],"{'R4': {'serializedValue': '0e6f98040483030808cd039bb5fe52359a64c99a60fd944fc5e388cbdc4d37ff091cc841c3ee79060b864708cd031fb52cf6e805f80d97cde289f4f757d49accf0c83fb864b27d2cf982c37f9a8b08cd0352ac2a471339b0d23b3d2c5ce0db0e81c969f77891b9edf0bda7fd39a78184e7', 'sigmaType': 'Coll[SByte]', 'renderedValue': '98040483030808cd039bb5fe52359a64c99a60fd944fc5e388cbdc4d37ff091cc841c3ee79060b864708cd031fb52cf6e805f80d97cde289f4f757d49accf0c83fb864b27d2cf982c37f9a8b08cd0352ac2a471339b0d23b3d2c5ce0db0e81c969f77891b9edf0bda7fd39a78184e7'}}",385ff8967ebf744d4be382632b6f12f0e05674b247f91361805409e6a1d91256,True
4cb9276668b3fb92f6ff70ebb674f06c87f38a9ad49ee710f2764973c371593a,56400b3bf3d79f16a34d572b80286114e23d9baa2395d46f65ba9f9b7d577ded,3299320fc4bb5fc2d7644e6cc51c6fc66342d8eaf9ec68865a9a210d2bac250d,4258724800000000,0,48315,15010,23114,100e040004c094400580809cde91e7b0010580acc7f03704be944004808948058080c7b7e4992c0580b4c4c32104fe884804c0fd4f0580bcc1960b04befd4f05000400ea03d192c1b2a5730000958fa373019a73029c73037e997304a305958fa373059a73069c73077e997308a305958fa373099c730a7e99730ba305730cd193c2a7c2b2a5730d00d5040800,4L1ktFSzm3SH1UioDuUf5hyaraHird4D2dEACwQ1qHGjSKtA6KaNvSzRCZXZGf9jkfNAEC1SrYaZmCuvb2BKiXk5zW9xuvrXFT7FdNe2KqbymiZvo5UQLAm5jQY8ZBRhTZ4AFtZa1UF5nd4aofwPiL7YkJuyiL5hDHMZL1ZnyL746tHmRYMjAhCgE7d698dRhkdSeVy,[],"{'R4': {'serializedValue': '0e6f98040483030808cd039bb5fe52359a64c99a60fd944fc5e388cbdc4d37ff091cc841c3ee79060b864708cd031fb52cf6e805f80d97cde289f4f757d49accf0c83fb864b27d2cf982c37f9a8b08cd0352ac2a471339b0d23b3d2c5ce0db0e81c969f77891b9edf0bda7fd39a78184e7', 'sigmaType': 'Coll[SByte]', 'renderedValue': '98040483030808cd039bb5fe52359a64c99a60fd944fc5e388cbdc4d37ff091cc841c3ee79060b864708cd031fb52cf6e805f80d97cde289f4f757d49accf0c83fb864b27d2cf982c37f9a8b08cd0352ac2a471339b0d23b3d2c5ce0db0e81c969f77891b9edf0bda7fd39a78184e7'}}",ee2b4cd194cfd63f08f561b069a1a3106a1cafb4c51a2f55b71551854f65ad27,True
29f9737c1996314db921197fc633dc8eb3bc3180dede18b9e998346ea45ba8d4,385ff8967ebf744d4be382632b6f12f0e05674b247f91361805409e6a1d91256,bbe37935cc05db2eb3c86627668f143c279affb2791d1f1345d0d126a6a72429,4278725000000000,0,42048,10000,20190,100e040004c094400580809cde91e7b0010580acc7f03704be944004808948058080c7b7e4992c0580b4c4c32104fe884804c0fd4f0580bcc1960b04befd4f05000400ea03d192c1b2a5730000958fa373019a73029c73037e997304a305958fa373059a73069c73077e997308a305958fa373099c730a7e99730ba305730cd193c2a7c2b2a5730d00d5040800,4L1ktFSzm3SH1UioDuUf5hyaraHird4D2dEACwQ1qHGjSKtA6KaNvSzRCZXZGf9jkfNAEC1SrYaZmCuvb2BKiXk5zW9xuvrXFT7FdNe2KqbymiZvo5UQLAm5jQY8ZBRhTZ4AFtZa1UF5nd4aofwPiL7YkJuyiL5hDHMZL1ZnyL746tHmRYMjAhCgE7d698dRhkdSeVy,[],"{'R4': {'serializedValue': '0e6f98040483030808cd039bb5fe52359a64c99a60fd944fc5e388cbdc4d37ff091cc841c3ee79060b864708cd031fb52cf6e805f80d97cde289f4f757d49accf0c83fb864b27d2cf982c37f9a8b08cd0352ac2a471339b0d23b3d2c5ce0db0e81c969f77891b9edf0bda7fd39a78184e7', 'sigmaType': 'Coll[SByte]', 'renderedValue': '98040483030808cd039bb5fe52359a64c99a60fd944fc5e388cbdc4d37ff091cc841c3ee79060b864708cd031fb52cf6e805f80d97cde289f4f757d49accf0c83fb864b27d2cf982c37f9a8b08cd0352ac2a471339b0d23b3d2c5ce0db0e81c969f77891b9edf0bda7fd39a78184e7'}}",1d3d8821664568b8ffd3aa5fc284aa5e023e768bb69de9e4b2a02b8c38085674,True
24eb0b126cc18b0a6a61277aa0b4f3370ec9aae5e91a761f2b613f4c270c0f85,b62c30b6b5bba3bcdf91998661e79701608c2be1e19eb23d53b4dfd8dd2ddd82,3f54deba73866b3a452a298815a49545f8cfca8e407fd5d9e0d5cd9012c01934,4158724200000000,0,59729,25000,28602,100e040004c094400580809cde91e7b0010580acc7f03704be944004808948058080c7b7e4992c0580b4c4c32104fe884804c0fd4f0580bcc1960b04befd4f05000400ea03d192c1b2a5730000958fa373019a73029c73037e997304a305958fa373059a73069c73077e997308a305958fa373099c730a7e99730ba305730cd193c2a7c2b2a5730d00d5040800,4L1ktFSzm3SH1UioDuUf5hyaraHird4D2dEACwQ1qHGjSKtA6KaNvSzRCZXZGf9jkfNAEC1SrYaZmCuvb2BKiXk5zW9xuvrXFT7FdNe2KqbymiZvo5UQLAm5jQY8ZBRhTZ4AFtZa1UF5nd4aofwPiL7YkJuyiL5hDHMZL1ZnyL746tHmRYMjAhCgE7d698dRhkdSeVy,[],"{'R4': {'serializedValue': '0e6f98040483030808cd039bb5fe52359a64c99a60fd944fc5e388cbdc4d37ff091cc841c3ee79060b864708cd031fb52cf6e805f80d97cde289f4f757d49accf0c83fb864b27d2cf982c37f9a8b08cd0352ac2a471339b0d23b3d2c5ce0db0e81c969f77891b9edf0bda7fd39a78184e7', 'sigmaType': 'Coll[SByte]', 'renderedValue': '98040483030808cd039bb5fe52359a64c99a60fd944fc5e388cbdc4d37ff091cc841c3ee79060b864708cd031fb52cf6e805f80d97cde289f4f757d49accf0c83fb864b27d2cf982c37f9a8b08cd0352ac2a471339b0d23b3d2c5ce0db0e81c969f77891b9edf0bda7fd39a78184e7'}}",baf1fe41d6c567fc37e23ed6f10782fc39baa240288389704aa43f2ad9f94b61,True
771ce88d77f0de5855a16c5c2d50a4be24b7327373df5602eac4a85c75619352,ee2b4cd194cfd63f08f561b069a1a3106a1cafb4c51a2f55b71551854f65ad27,3a8ed5412e9a3eef4a06d7eb9bd346f72498546ffb498f7e9a1f680c442965d1,4248724700000000,0,49439,15200,23661,100e040004c094400580809cde91e7b0010580acc7f03704be944004808948058080c7b7e4992c0580b4c4c32104fe884804c0fd4f0580bcc1960b04befd4f05000400ea03d192c1b2a5730000958fa373019a73029c73037e997304a305958fa373059a73069c73077e997308a305958fa373099c730a7e99730ba305730cd193c2a7c2b2a5730d00d5040800,4L1ktFSzm3SH1UioDuUf5hyaraHird4D2dEACwQ1qHGjSKtA6KaNvSzRCZXZGf9jkfNAEC1SrYaZmCuvb2BKiXk5zW9xuvrXFT7FdNe2KqbymiZvo5UQLAm5jQY8ZBRhTZ4AFtZa1UF5nd4aofwPiL7YkJuyiL5hDHMZL1ZnyL746tHmRYMjAhCgE7d698dRhkdSeVy,[],"{'R4': {'serializedValue': '0e6f98040483030808cd039bb5fe52359a64c99a60fd944fc5e388cbdc4d37ff091cc841c3ee79060b864708cd031fb52cf6e805f80d97cde289f4f757d49accf0c83fb864b27d2cf982c37f9a8b08cd0352ac2a471339b0d23b3d2c5ce0db0e81c969f77891b9edf0bda7fd39a78184e7', 'sigmaType': 'Coll[SByte]', 'renderedValue': '98040483030808cd039bb5fe52359a64c99a60fd944fc5e388cbdc4d37ff091cc841c3ee79060b864708cd031fb52cf6e805f80d97cde289f4f757d49accf0c83fb864b27d2cf982c37f9a8b08cd0352ac2a471339b0d23b3d2c5ce0db0e81c969f77891b9edf0bda7fd39a78184e7'}}",2787c943955394a0c50d70fa97b47cc2c106dcb962800f9d2b9ceeb2978ca9d6,True
55dddefe5658a13a0c28bbf3f96ce772b08432c06649e99241a2a0cc7a2b72c8,2787c943955394a0c50d70fa97b47cc2c106dcb962800f9d2b9ceeb2978ca9d6,bb681dc60cd4ab482fd5a0fb4a6f432990428bfec7496e0e729df7f99e3336c6,4238724600000000,0,53603,15500,25665,100e040004c094400580809cde91e7b0010580acc7f03704be944004808948058080c7b7e4992c0580b4c4c32104fe884804c0fd4f0580bcc1960b04befd4f05000400ea03d192c1b2a5730000958fa373019a73029c73037e997304a305958fa373059a73069c73077e997308a305958fa373099c730a7e99730ba305730cd193c2a7c2b2a5730d00d5040800,4L1ktFSzm3SH1UioDuUf5hyaraHird4D2dEACwQ1qHGjSKtA6KaNvSzRCZXZGf9jkfNAEC1SrYaZmCuvb2BKiXk5zW9xuvrXFT7FdNe2KqbymiZvo5UQLAm5jQY8ZBRhTZ4AFtZa1UF5nd4aofwPiL7YkJuyiL5hDHMZL1ZnyL746tHmRYMjAhCgE7d698dRhkdSeVy,[],"{'R4': {'serializedValue': '0e6f98040483030808cd039bb5fe52359a64c99a60fd944fc5e388cbdc4d37ff091cc841c3ee79060b864708cd031fb52cf6e805f80d97cde289f4f757d49accf0c83fb864b27d2cf982c37f9a8b08cd0352ac2a471339b0d23b3d2c5ce0db0e81c969f77891b9edf0bda7fd39a78184e7', 'sigmaType': 'Coll[SByte]', 'renderedValue': '98040483030808cd039bb5fe52359a64c99a60fd944fc5e388cbdc4d37ff091cc841c3ee79060b864708cd031fb52cf6e805f80d97cde289f4f757d49accf0c83fb864b27d2cf982c37f9a8b08cd0352ac2a471339b0d23b3d2c5ce0db0e81c969f77891b9edf0bda7fd39a78184e7'}}",29543520928d15d6da7579d472d83a623964195a569ccb29b48f12b2fada5f2f,True
3fa90c27ca06a5a5d98bc26556be319a2af7bca7371e34ebc8a33f2b022339c2,29543520928d15d6da7579d472d83a623964195a569ccb29b48f12b2fada5f2f,eb0fe1c7694487f97186969bb7d1c745f6ccb45b09dcb0e62cd9b85ee8f86bf3,4228724500000000,0,55452,20000,26542,100e040004c094400580809cde91e7b0010580acc7f03704be944004808948058080c7b7e4992c0580b4c4c32104fe884804c0fd4f0580bcc1960b04befd4f05000400ea03d192c1b2a5730000958fa373019a73029c73037e997304a305958fa373059a73069c73077e997308a305958fa373099c730a7e99730ba305730cd193c2a7c2b2a5730d00d5040800,4L1ktFSzm3SH1UioDuUf5hyaraHird4D2dEACwQ1qHGjSKtA6KaNvSzRCZXZGf9jkfNAEC1SrYaZmCuvb2BKiXk5zW9xuvrXFT7FdNe2KqbymiZvo5UQLAm5jQY8ZBRhTZ4AFtZa1UF5nd4aofwPiL7YkJuyiL5hDHMZL1ZnyL746tHmRYMjAhCgE7d698dRhkdSeVy,[],"{'R4': {'serializedValue': '0e6f98040483030808cd039bb5fe52359a64c99a60fd944fc5e388cbdc4d37ff091cc841c3ee79060b864708cd031fb52cf6e805f80d97cde289f4f757d49accf0c83fb864b27d2cf982c37f9a8b08cd0352ac2a471339b0d23b3d2c5ce0db0e81c969f77891b9edf0bda7fd39a78184e7', 'sigmaType': 'Coll[SByte]', 'renderedValue': '98040483030808cd039bb5fe52359a64c99a60fd944fc5e388cbdc4d37ff091cc841c3ee79060b864708cd031fb52cf6e805f80d97cde289f4f757d49accf0c83fb864b27d2cf982c37f9a8b08cd0352ac2a471339b0d23b3d2c5ce0db0e81c969f77891b9edf0bda7fd39a78184e7'}}",a10bcebf9f8bac5f17373611b401081d06b4c1db67c67d77f8a7b7ff8123f273,True
6d49ddce4b1573819257599f49b85e08f54c2074ac0a31bcb6d94b0a6f8c0d94,a10bcebf9f8bac5f17373611b401081d06b4c1db67c67d77f8a7b7ff8123f273,d80dca477b02dc4f5fd7d4c622e17b4a13fce5c666237dc5bacef3abd5b8ed8a,4218724400000000,0,57140,20500,27366,100e040004c094400580809cde91e7b0010580acc7f03704be944004808948058080c7b7e4992c0580b4c4c32104fe884804c0fd4f0580bcc1960b04befd4f05000400ea03d192c1b2a5730000958fa373019a73029c73037e997304a305958fa373059a73069c73077e997308a305958fa373099c730a7e99730ba305730cd193c2a7c2b2a5730d00d5040800,4L1ktFSzm3SH1UioDuUf5hyaraHird4D2dEACwQ1qHGjSKtA6KaNvSzRCZXZGf9jkfNAEC1SrYaZmCuvb2BKiXk5zW9xuvrXFT7FdNe2KqbymiZvo5UQLAm5jQY8ZBRhTZ4AFtZa1UF5nd4aofwPiL7YkJuyiL5hDHMZL1ZnyL746tHmRYMjAhCgE7d698dRhkdSeVy,[],"{'R4': {'serializedValue': '0e6f98040483030808cd039bb5fe52359a64c99a60fd944fc5e388cbdc4d37ff091cc841c3ee79060b864708cd031fb52cf6e805f80d97cde289f4f757d49accf0c83fb864b27d2cf982c37f9a8b08cd0352ac2a471339b0d23b3d2c5ce0db0e81c969f77891b9edf0bda7fd39a78184e7', 'sigmaType': 'Coll[SByte]', 'renderedValue': '98040483030808cd039bb5fe52359a64c99a60fd944fc5e388cbdc4d37ff091cc841c3ee79060b864708cd031fb52cf6e805f80d97cde289f4f757d49accf0c83fb864b27d2cf982c37f9a8b08cd0352ac2a471339b0d23b3d2c5ce0db0e81c969f77891b9edf0bda7fd39a78184e7'}}",52a184241d32967f60a2c0ee49c20a05e4d186ca012eec79e879723be3c3eb7e,True
bf6aa5afb41381ee12fd760cc5609c484bad13e330932be4e1fd6d8f6376370d,52a184241d32967f60a2c0ee49c20a05e4d186ca012eec79e879723be3c3eb7e,07e9357b5ade4a354ca37a0256a9788e93aa9d5baedc17d59c6ee3b12fd744e6,4203724300000000,0,57241,21500,27409,100e040004c094400580809cde91e7b0010580acc7f03704be944004808948058080c7b7e4992c0580b4c4c32104fe884804c0fd4f0580bcc1960b04befd4f05000400ea03d192c1b2a5730000958fa373019a73029c73037e997304a305958fa373059a73069c73077e997308a305958fa373099c730a7e99730ba305730cd193c2a7c2b2a5730d00d5040800,4L1ktFSzm3SH1UioDuUf5hyaraHird4D2dEACwQ1qHGjSKtA6KaNvSzRCZXZGf9jkfNAEC1SrYaZmCuvb2BKiXk5zW9xuvrXFT7FdNe2KqbymiZvo5UQLAm5jQY8ZBRhTZ4AFtZa1UF5nd4aofwPiL7YkJuyiL5hDHMZL1ZnyL746tHmRYMjAhCgE7d698dRhkdSeVy,[],"{'R4': {'serializedValue': '0e6f98040483030808cd039bb5fe52359a64c99a60fd944fc5e388cbdc4d37ff091cc841c3ee79060b864708cd031fb52cf6e805f80d97cde289f4f757d49accf0c83fb864b27d2cf982c37f9a8b08cd0352ac2a471339b0d23b3d2c5ce0db0e81c969f77891b9edf0bda7fd39a78184e7', 'sigmaType': 'Coll[SByte]', 'renderedValue': '98040483030808cd039bb5fe52359a64c99a60fd944fc5e388cbdc4d37ff091cc841c3ee79060b864708cd031fb52cf6e805f80d97cde289f4f757d49accf0c83fb864b27d2cf982c37f9a8b08cd0352ac2a471339b0d23b3d2c5ce0db0e81c969f77891b9edf0bda7fd39a78184e7'}}",b62c30b6b5bba3bcdf91998661e79701608c2be1e19eb23d53b4dfd8dd2ddd82,True
991716521cad72a7d9f4b8b4b17537da8a88fc5a26fcf500d7cf98f78de1dbc3,baf1fe41d6c567fc37e23ed6f10782fc39baa240288389704aa43f2ad9f94b61,e2ce454ff4252cf783e1a3bc82e3cccd2c37f7eb58ed4f5aaf972407ff597087,4113724100000000,0,75596,35000,36040,100e040004c094400580809cde91e7b0010580acc7f03704be944004808948058080c7b7e4992c0580b4c4c32104fe884804c0fd4f0580bcc1960b04befd4f05000400ea03d192c1b2a5730000958fa373019a73029c73037e997304a305958fa373059a73069c73077e997308a305958fa373099c730a7e99730ba305730cd193c2a7c2b2a5730d00d5040800,4L1ktFSzm3SH1UioDuUf5hyaraHird4D2dEACwQ1qHGjSKtA6KaNvSzRCZXZGf9jkfNAEC1SrYaZmCuvb2BKiXk5zW9xuvrXFT7FdNe2KqbymiZvo5UQLAm5jQY8ZBRhTZ4AFtZa1UF5nd4aofwPiL7YkJuyiL5hDHMZL1ZnyL746tHmRYMjAhCgE7d698dRhkdSeVy,[],"{'R4': {'serializedValue': '0e6f98040483030808cd039bb5fe52359a64c99a60fd944fc5e388cbdc4d37ff091cc841c3ee79060b864708cd031fb52cf6e805f80d97cde289f4f757d49accf0c83fb864b27d2cf982c37f9a8b08cd0352ac2a471339b0d23b3d2c5ce0db0e81c969f77891b9edf0bda7fd39a78184e7', 'sigmaType': 'Coll[SByte]', 'renderedValue': '98040483030808cd039bb5fe52359a64c99a60fd944fc5e388cbdc4d37ff091cc841c3ee79060b864708cd031fb52cf6e805f80d97cde289f4f757d49accf0c83fb864b27d2cf982c37f9a8b08cd0352ac2a471339b0d23b3d2c5ce0db0e81c969f77891b9edf0bda7fd39a78184e7'}}",ce729a5b73dd4ae569239a19722f76daf83fcb59b94c5e6f00aab26c21096ccb,True
