id,boxId,original,time
b2483fc6f8f7e5b5d9a047aba774e13536f3ee4e0b2170329a9144a1787c3476,bc24bd9b41af4deb6d3196cee87cda93412ebc46b63f4203b019d3eefde2b23b,10986.66,2022-03-05 13:50:00.526547
0d6c3dd2e45b4eb7ea018363e36a71ec8cfc09906d806587be06ce434382d45e,6faffff4ab96691813e89c8637cd3bdd0b71a49de318935354bf518214204bbe,503.23,2022-03-05 13:45:53.367203
95c3f840ab426ff08b5c2019d7c267f68199792db511925d970520c4bdd73b39,e6556e5ceb4428c83a4abc268c5a99eb3ac16bd2febebb356bb01b662ab2adbb,21888.66,2022-03-05 12:20:25.810959
9ecf8f182361217595a29ba3a70637708d0e54dacbd2f6369660cf3a0e66b94b,f4eaea7623644d5d02e7eb69e392adcf5d3d4b87635b7c0cb0a4f4d7b59c147c,2216.66,2022-03-05 12:10:14.421071
4fda43fc3b257978b5e7f9b3fd82f037f6114348d7adbce0bac2cbfc6b3829a4,790d7edb33558ebb50183072f755efc10bc6cc7c1a408d597ad50df35c848cfd,354.06,2022-03-05 12:05:02.636429
c1ee0d89ecf7bcbafa40dc3b07f85cb0ba690e6ab8ed80d25f0e0f4075ca7e31,04f495688e276a2a7cc97eb39fb5cbcc6a081eb0d202637393136be061d011b5,20.31,2022-03-05 12:03:28.783308
3d8d9586234e6d69cda602c61984c2358b43d25fba7b3493a136cf35cd054edd,a179fcf678d1f956f4ad554de3649243a6080f85600f2be33eae9e5f9c97cfe6,4604.27,2022-03-05 11:54:14.619601
83f286a29566ee001d106da2f5d81950ddedf5af5e74a60b66356176577aca05,8f427e0442617c9e088578cf00a1744d17d641049a258395ce8ff9ecb1b2eae9,20833.32,2022-03-05 11:09:13.733111
b853fb4fdbc12b4d3cf9e5c9b361fa1d6d469fc912290d238a12827f387c61b8,978869198cd54e612f0f2129b771d69b03396205f61e6cfc6105bb7a329d3a5b,11.86,2022-03-05 10:53:44.237337
95f78ff919ecc675b8af7d7e76f37755cefc601c8ca2bd2233ec8f1384960362,dd6718c51cee3bd1b97308e72972ef68fa1d2140de680787e0134807cface5e7,759.66,2022-03-05 10:32:58.508503
11016825d61e29231505284dec3e40310110a525775cf3231de05af9a8ae06db,c2b6044112911640e6eaa6d60771ab8f77477b9bfec9db868c160bc216ab7030,25000.0,2022-03-05 10:24:58.275615
c0cb035e1cbf89c05e55c7d619f238b42ef5ad78add6f232188d584218f54709,d2144b5c9d3190b358370cef47590f58260198a8d2e16b0073dec4d7237145ea,142.48,2022-03-05 10:13:38.836270
005d41bc267d3e3aa280470e9a62bf927bd84a8b4d284c86188acd430247630d,ace659eec1850daa77cb677746093b6ff16dbc55bc2f6d02da49ffbe3929bd96,108.01,2022-03-05 07:25:30.144383
4af382cb32cf3418289b7a38d9958f939ddc4defbc76e70f5856f3c433ed05a3,7f8f75b0fabc59bf9d78301051621be10e30b8421b995a47761e1e4d20e8617f,10058.19,2022-03-05 06:45:36.442920
f3536868a0c552dd0ace667e54e08f690f213712b706bd78271fc03135b6877e,894707c331c5d625c010c7b3a1cba4c9c68489979a0c81dcb810120ee701ebfe,14766.65,2022-03-05 06:36:00.472554
11e1e72b936e77de5b2dd9a343f0430774fdc1d7b0122f50fdb3cab4a77a3cc4,3a79c54c41901af0cb238bccfd42d38dab30a15c31edfecc2b4dcbc27664810e,2222.22,2022-03-05 04:01:56.813470
734965f08c5019f5f1824ca63bb1eddc91ebe138544523ec6a88f7a491c7f2e6,088370fd32a75327587b9e89c43530dee512e908b05422ead4c7a347d7a3683e,155.04,2022-03-05 03:46:30.904247
163b0ee597e0074c2f37026c3b5bc4e52f8b6aff89b1ec8e2a2beca571686bc2,71f97d921858ffbd995cd6671668858e1635b6adb7b0df859f2a029f992271f7,25014.83,2022-03-05 00:17:32.620408
3671f5aaa98784e2d5542625f8facc48c4e836c737d47657208c43cc44951f9a,a76151d9e8e6dd1078dffba7937a053fccbdfdb7b4690f72f5ea7c9c0ff31fba,474.3,2022-03-04 23:07:30.918712
eac144b8274496f0c8c596ffb503ca0bd4cc281e628059a5a6e29c59438dffe7,228431a3a8ccc957d92a95d8286b98abd0f9e54bab5cf670965e870e27548362,25483.0,2022-03-04 22:45:19.609047
b6cc57bf09400e2c2dd5d7d3d1afc1f4da38e5abc5914e93e64ba405fb8ee9cd,3865ec85b045ab64f7c2b9399142f4a0bc57aefb76710908993d5e285a89bcee,5300.0,2022-03-04 22:19:45.665977
02846c2280e28b59869175b03ff70b09d9818a6380f151c02602dc01ea6c5f6f,f0a2cebbd74cb6c9311ca935b7e96af6cbff947aaa191019d438ede3521163df,306.15,2022-03-04 21:37:47.708131
8731653dfcad49af6355f16a5332c02acecbdacc32e86ef149bf5d5e9a4e45c2,d8fdd14864a03dcea6c9239a94138ebcd355c6dc820bb1d274ee6909d4d064c6,25638.7,2022-03-04 21:22:18.024438
a0be2ca8c4e64b1cf3bfa70133ecd7190beb7ef68beccd1973e05a327cf06787,1777ddc79555692d5b1d1a803fbde70c24bef9175ce6880eb4df82925c22e840,542.32,2022-03-04 20:13:01.037031
ed95f1300458e01d19a37c06c3413f13f8fd18c3d3a9cd3948d11bbbc206cfd2,c939adcc30c9d9d629c1bc5b25eb7416106ce25baa40d40a0be5bacab91bed32,569.77,2022-03-04 20:10:41.347427
cf62628ac87cd653d205a6117428cd5d0160d8048143091cf64f11ea8c07647c,721136be2019c44c59afd6b5a1c346ef733bfe60561ede0cb5dd5031567fbe08,198.02,2022-03-04 19:12:34.194868
4f0dcd7710a2e319d81c1c8602d65f9d6feeb50914c9e58627085b618888390e,40b88f82ebdadf97cb0832b5b714d81e63dd1bc4703178b595cee7256d2cac86,800.0,2022-03-04 17:59:14.444603
4ccf676f570921493f2c04bf57293e5dfccde33e54ab110af8ed1362b18e0dc0,6c49723811b6c34d14adc9dbff18c5096dc6204c200df8b49dc73f180e2136fe,282.31,2022-03-04 17:52:08.065669
d82a985f19efa433e50cc4a7f7aedc5c11a9f74ced20e58d1d9042f9139aa3ef,70233b92ed0fe81f90842af725a68819e19b792be4d7d79f3a82c67f4725c55e,377760.0,2022-03-04 17:23:16.206994
758f45ac7737b380f303f1c6bc5cfe2f3f85ec4783767d0b731c49db0c7a9501,4740b5fe86c8d6ae4c570b679e93d74eee29559a719f856574b850640a68dc93,18713.66,2022-03-04 15:53:56.399266
04d8725039b345d430d7351726e74d025049d39759a73dd44f48b306e90ac2b8,2835c77cdb0366f006332887661107a23fe2edac0fe3dcb558e80602a7cc3f0b,368.59,2022-03-04 15:33:44.205298
23c7cafb302564e861ca9c8df61465888a887f6fad8a2a78c77b3fb7555d3586,592aa8a4d1634986219a1b2af6ffba4e4611e0e6ed72544080703ccce831fbb2,21283.37,2022-03-04 15:29:49.744105
7e045740b217ff3bda2c6f6bb2aeca5fbac365d5a90aba2908302fa0cd08055f,918f1ae4bc1d04dac00812c2a285e22dc6f92ca41eb46e03b10484bf47929e1c,1291.35,2022-03-04 14:47:35.164778
14015d7cc70291fbae8693a0f89a88cedc79c24050c2fa9ed5b45b57b57f51f2,5dc651a24b6400e26877af567155304c60988efc0e610dfac7d05ec7ac0fa206,1293.27,2022-03-04 13:53:45.477431
50135ffa7f00d9113df7292fe71d604092a286a49e8b06c4aeac481cfb9a663a,7583eae0b10d215fe002896009b4ff92c8a6d9f0c95dcb3d5cbe3a70e6495b3c,5000.0,2022-03-04 13:47:16.793967
2190820eb8f4ad2c1416964250c5151af222fc1a7657c3f63750f72df496db6a,11d012e9a11619768bdf52c0b5b96628ee24c24a865ed855a9bd97dccafc8dbc,271.83,2022-03-04 13:37:03.923423
5a0d10a7e015954c51260e27a80a16913ee36b9a839e81ae41d812fe018355d3,3c3793a4e20e13343a1b452c78164c7d68b5063393cab6fab7749b29ea4402f9,792.69,2022-03-04 13:28:04.959028
1aa514eb71820ddf5b433b8a526c96254a57816be46163a6531dad08d0605e64,fe1638ef908920a1dbb43eab1766dac6f6814d048acf8996323de0504edb80f2,259.2,2022-03-04 13:26:25.063094
ad6f3382a8a9d293efbf37046fe81fa777a77604567b2a725e60acdf976b036c,680b4103debbe376dbc7c9d593c9294597c9c0a6c64787fd59b7ea0603a29158,10731.25,2022-03-04 11:59:30.155024
9b556523bbddff8807d8a1e3a9b11c9f72ae2692c0c0fcc35d7590652d8a4c5f,47b0bda39c2aad7a8d8ffdef9d3c46a266fa704671c5ebb1e6729c7f6791e341,516.67,2022-03-04 10:09:35.006130
e2698c235a978ea6b46bce0ad725e475fec473d42e9f3c0d647fb4f2f4bffba9,39ec1ba4f2be1c16d4ce63bc4bee563c4f3ef3939f271a3e187b3f66af075a21,337.02,2022-03-04 09:59:20.701971
17acc534885fa4c38c213c8b34aea475213df149488595cd38f3e5f5d79b56b6,87bbc567c2b98810321c0acb2975734593f065fcaa0e86438e4abef63e2f423d,1303.63,2022-03-04 09:44:33.874406
5038869cce6b0d5ead802b3fa6bf6a0db7c14ba35ed5ca0d7cc47dd1d3a198dc,ddc8a30bfa3265d579e76b6d3172233c224a0cbfad8aea11db76a740fbfc1ecb,12929.99,2022-03-04 09:41:12.680098
2db7e8c50f322ca4bd0a565767c85bb935f0133ef9508edb995fec79e3d67aec,632f7b541979fb7657374975ab000e33d161d4fd1db9598a233706840bf5edf5,550.84,2022-03-04 07:29:22.791554
bae39ac195c298250847bdbe500d41e669fd26578862c0807d8a6ff932cfb0fb,3a1fd3370b744bbbdef9450b67af01a8264c1ce237c4d7635d3325265fd8d6b0,50000.0,2022-03-04 07:13:12.852924
6a7a77d1dc1fd4a29f7eccfd2520e722adbd3d0524971185dc422ed9d126994d,081cfaaa0b5ea3fdfb4464fa2c69d08f15e242e6b1ff20829e6d911f48432866,25.63,2022-03-04 05:28:16.331364
b57c68c374adb47396c67eb4f16a9ec62cf533a96984122d89a7f156b08208e7,25b469d0f5d7437ec1b962664beb0c37c9ad192cb0531dcbe3b24c19012074f5,10412.14,2022-03-04 04:51:57.521359
6594f8c31e152c55d146e97e4be1167addad8e58cb6613703c29bab60342dac5,727e745641996f0942b3858cd0324223dff6824ba4ad21f4dbd999e7a6ae1785,7231.12,2022-03-04 04:44:40.446832
7f27f8bb17782b233ef4d569a1daf4a261cf61487e80de769d5a8814bd9e355c,befc5a41b3870f61e247bb6c468629ead2340065ebee2d88c1c77e957a1f492f,7959.44,2022-03-04 02:47:11.368811
a3d6f84e33cbc218d6a4565d936f646b4ebb5185439b41c2f13d29708edda960,54b5b2b06971dcd6b7f18f897e59a24bcb7f2c09998676ce6854e2ca7bebe9d2,2020.11,2022-03-04 01:35:40.276582
fe44c82f0bc0791eef91a8b862cacaee84de842a0239f010269d8c4e01e42be1,96276076810367c9b4b39743a8b2d2e996123ef24223ed3a74e4d499d5f63334,1995.18,2022-03-04 01:12:19.255041
8fbfa6cb0c0acd9c17491bbc06dbf1c339e830aa10ebe9fbb6f3654e836621f6,0dc9601381331536e35f722091fea86ce6df487c246d8d0af41aac651db7e343,5348.08,2022-03-04 01:01:57.644835
50ee5afd6f76b2f2147afbfc405a8751a56d0254fe1ebe12aa06bb51d4e38cfc,c40f07f293c19ee2020a63068e13dc3282929db0de34d274f52311185c27dc11,665.86,2022-03-04 00:36:06.671299
e9c8dc5508e02bd3e2521eb2ef445de09f14ddf8e66470e2138cf25fe67e4608,210f7898eb50d390a050de0682bb880bca88e9db31371e16fe0ca5bea91dda74,1088.88,2022-03-04 00:06:44.916977
26da62fbe05ec812b3221198556964c1c51401deff6e393a01904eb13e750115,7420835d10ec5873c7ab0631b8ef08652d2c3d935f288c09fdc54fb064b19895,66.61,2022-03-03 23:43:00.363617
eb55ee7b8eb126f527bfa1c32c84245dca9b90e4f07eb7e47a96ab90bca9a0d7,3cf5108ae05591318bcba2871c0ee05c382a29a51363ee3800ce9a51217a6993,273.6,2022-03-03 23:27:40.704991
147b2789ed1f2a0e60ab325c0bddae94a08a1c6dd23d5010b82318a1870294c7,8166ba75087c9bbc1bade943ce6a90617ec1ebfd33bd87b7ec27e3f331af0c87,1000000.0,2022-03-03 22:43:04.496828
97b54117723617adcae2b1da6da004b04d8eb95667e7e55e972daa778d3a8bdf,83bef319c4b985fff1e042e595d7c28dafcde24d5b93ec6a605a88c48b38c8d5,6700.0,2022-03-03 22:21:25.563813
6b32b4ebfd9b540cf4586340f1891d55852d1978fdbb968aa3b2e58fa1a4a1fb,1a0dbb7160c9c5324c34a84cd2bc566304ee596fbbfe785bedf46aa900ad8d50,80.57,2022-03-03 20:23:27.852229
f87939b93bbb9888731cc58ac0e22238c3dfa1087aebbcd69e03b6d400bbad9f,dd173ffffe3c7e54ac7487f27592bb4e600dac6d4aa8c903e19cbe5de5c9191d,1600.0,2022-03-03 19:53:00.501206
22874f46627f56510c77c361741c37103445f4fe4b5ca68d06ae154ee2706392,e6db7276e9f3c466b247ae6be44e8bc7dfb90c8055374cb0110ddacd7ad691a4,1199.03,2022-03-03 19:42:54.025449
2f293a300ed014bb8c54d493f5ccac67376fb9b80c2bb6a6a5d096a4a373e8dd,7640da8ff6d47727132865b73a21073384ea2e10aae9a7a2b0ba5b4662fc5da7,772.4,2022-03-03 19:11:08.131287
5eb63c016587804eb64f96a0869d0380a5b8448eba88f55380397c07a122ebe2,1fc645fc60c61b71b66db600d79bea5af2b56c78c3cbde7d9d57403e46b3c0e4,13388.91,2022-03-03 18:36:59.416838
188d8a6a019b92c40efc81b7bf403a8b5b49da113e286491b5502fbeb1366736,fed1566009b7242295e35f4d45c946eaa76a90fb7690fee678aae4368584fe89,809.0,2022-03-03 18:20:49.584194
a7c577c16ff137b2c1a9be3bc3fde77d77030cdddf9b48b72836f6fc4e4e3763,de601ec52a977dc334cd504a73b93585a08f6c6c108bfd0ec79d60f5236bebe5,30852.17,2022-03-03 18:08:38.961066
daf146e0cc7cca668456348689cf86382d1fd3e538461147e9d6dda9edade08a,9c22aff6050c0f8769b0d6bee249b17297e9e369bcf03e43793bfe14eb7632be,30.75,2022-03-03 17:48:06.674666
50f28221c8509957b611796a3ca32e4181ee5edcc73802ad67fee75e00f807c6,8b6bc18f2f500af8a06f31d9fdf4a716fa590e509c767df6f427efd40b1235d7,8433.61,2022-03-03 17:02:04.121394
909e010af3bc7f73f218ef6187f53d8364a579a4f79b8ef9fb9dc9acf28126f2,1fecf4ca8ed309e75cade83ceac872eed11e01f2dd4d0ebeb0e8d4fcc996c658,138.48,2022-03-03 16:58:22.632343
e7a75eac28f0ff842edf08069d0684ea30f79ebca3890590eef1351814297624,b63c30f4401648a93e5f49dd9477b2827d9100d443241fb633452bb98ae8a3c7,1005.0,2022-03-03 16:57:38.691713
e2c2627464172cc88cea10f2ff7220186493331d6862fa514c5829309de5dd68,c6c5d0b0d04f44296d104911863d003404f60a07aa8207a4bb80d6d864056922,18028.0,2022-03-03 16:52:19.489449
2e14a9078d7cf7646333642cd94ccdb39e467aec9b13fcfd9c4e9438761f532f,ac8b9989b8835fc5587c9285af343249efc5943ad3c3e37572673b724e5e4550,708.85,2022-03-03 16:42:07.072643
60b1e6e4fa09477ce1eee9dd263407ed9db695917cab2719fc6286e3f8662f94,6ebbaffd70bfe72970af80ed7cda8e8b37f0662c8112100c1c16b6a1cdd3b2ac,718.39,2022-03-03 16:35:02.782302
0c6cbc607e9266dcd4f177b8312fe59320f7b846e9148c5e47c7037d0320a714,2042b04a5efad8ed6d17316c6e87cd98c8bdd7bb368a9adc17c10a778e431b20,69.25,2022-03-03 16:26:48.113520
ad15d6f710f5eea294a53b0639e027215be9efc1313165fbf9ec6e73e246fc67,7419551b6fa6ad8e6da7c5f95ce6b6db3d7f6985b20e1e1a27917de49b032afc,10449.78,2022-03-03 15:48:44.321557
b7e9ab4939fa162259b853cd94bd9a32b95b5850836cae7896da70da4f6041e5,202fa95dc21a523a6eacee73c3afd261dc312e9f4b8c71b0a8d1a74d3493e4a2,835.74,2022-03-03 15:37:47.503891
583bf609ed6f77cd708bcf21abcba1bc2cf8b2cdc81f4eb8421558d37f57663b,a26e9b0afe83bdec368cc70f3b1951bf4a84946fadcaa845e5b64b3eb82ddc13,837.16,2022-03-03 15:26:23.967658
6748aaeec13e408c8896974f3a8ec2448208772811f9b6b76da889523678203e,d117ab03a0822d7181c6ff08dffdca7aef8d46f4843b8c1fea78ac8cecf76bdb,1178.93,2022-03-03 15:23:16.284033
abde277ce5a66ada6255b5e16c3c4bc6a74ee5e778dedc8a2c0c76e83d001f39,4a11ec885cc3dc30eaaa66746edb61287fc50f8c085e129b1a2fa1b0a3b8d283,481.69,2022-03-03 15:17:19.111288
ed5f3c3e06fc9a87dc30178ac33d5713e76b7e2831209ce2fac815fcfca88f93,49de61aaba7e40cefd77a26edc424f31cbdacd19df3abd7347c7886537fa5be0,142.34,2022-03-03 15:04:37.643588
1468ba94c90036244c169e4f0e81e51185b87568a13339db19451ae2b320ed16,22f4fae80dd690b68989668586287458bb5e2deb4eee3acc7225ba48485496d3,500.0,2022-03-03 14:33:34.039740
927058259ae3dc0fa5fa72ab86ee2daa9fb3b876ad4959cd07b138dca6cd7397,4a3d0f7f25c6d3ad156c214e1ebd3f87d61e13af10ac80075036911379e51464,1001.05,2022-03-03 14:26:45.179126
8d58e27d5d2824e75fd374f58671509e3cc2023b1f6dc9aa5a66ffadae7770d9,5fbc2c3b254f759af6a031dcd5270086fd37ee10a9af59909c6d041e76810573,287.76,2022-03-03 14:15:57.698762
63161f8b8abee83953b1feabd19babc36b5d06ca608dc3cdae95a659eb4903f6,df5750de97069e0c697156f5cf18200f66fa075803eaf8a4420034c0168a4112,44055.66,2022-03-03 13:47:01.678555
109405f9a522ed18cc91d241d7e528877c0a7b5e0c820baf9d2b264ff11c89e1,e2b27376a4fb36540867d5023567351a84587af1d70c564e5ed019880e2679ff,1000.0,2022-03-03 13:35:05.136734
e0857ef1519f7bff3fb34868543982c1259ded619f872f76abd6905dab9cfeb6,c281b0b6eeb77e7a56c53ffc424ed6b1cd7167728030a3d98d1323e08746ae13,2436.59,2022-03-03 13:09:49.608623
219561ca69118a1d877b6d56f9842729284a6afe3d903c37ef0263e42ad0d389,5012c680f792f1a97ba10174c8ed94c5dff8326e34be3e8200021986737472fa,751.24,2022-03-03 12:56:34.702786
3f595ab00e5f652579046468497cf0f60357c505999623874f5c17f1b06a195d,748f8aaa3e923a00785f74487d70ff24755d9409056801c2bcfd5c7c4113e410,2763.83,2022-03-03 12:58:21.342969
40c0a353a703ac2be76a48ecaef6b9bee287af25e5b89eb6a910af6966097f0b,254131edad68eb37ea5b4daf66a19530d6887aa494148b35d08b3b5f254d64a6,587.51,2022-03-03 12:42:24.171114
f92efa92e02133fbc465d8ae6393b40ba4cce0d1d26e218a95f0acedb660666e,25124d392ed21531756407d15108b2bd19af1954b3995a068069a9af6ff11d0c,646.07,2022-03-03 12:48:02.759693
c25139d8916b10a281ec1dfa9ecd0f5c267493069792cbc691056b50320aec7f,85d9160e91a55bb59e2718b4c4248581f0103f6c1380e5ee2c7c17da0d63d3a8,11470.23,2022-03-03 12:28:33.789312
7208a111a06d120602e4332f46ece3a55b7c033df33e1e95ef5e136a825f61e2,ad742ffa4f9fa1a142a7b1906ef697928e7f0ac97d9dc4f83fb8c15c01bdfb16,1000.0,2022-03-03 11:16:24.919139
bd9f4d234e22bb4535a8e3c1029e9e374a0582b3a567dba35719eb12fdaf1c0a,aa2bf2899a88f05414877390edef6734ee118f8d5db073d78a909eb8906a56d4,1562.0,2022-03-03 10:18:14.110147
dce0c5f3cc2360955eaf7cf96b558c052a60659ff37b272e3b4c9197785036d6,c6a91bf26e4cecbf0cf572e302821c8f27797d05470b030cbd8200c11365ceae,383.88,2022-03-03 09:12:49.293654
c1c27c5534068842d775a142af044a7ffcf2a3db5d9eada31d64c59f1fad6ef1,3fd96e50d0b2c7f88e814cb3fe65c2ee026eb2bf5878dc7176daa9a4e83ff8b6,12.75,2022-03-03 09:00:07.406155
80e7acea94450e0abb253e80fc325e44d522cbf2b95a641ac05d2eb26da7febc,b71da0b598f2fcc90eecb06904b56ae8dca1016f74525e5131e6f34738fe7d6b,6782.79,2022-03-03 08:58:05.570276
bfcc509c8ac392ba7ce248cb9ab7be9b875e5d2cbe31c0a922d07355a3f08e5c,fe0c0adbb42ba4e06d14e933455d3b7fca44716f2a3ee4c0231614a7937161c9,101.67,2022-03-03 08:33:10.827343
8e1431dec1235ee69d7cbdefef989b616300529642ec9153309147cf079a9dd3,af0923d2f8bafbf075a5777549316a843f90843bccde1fef822599578febf900,34998.64,2022-03-03 08:19:26.588851
e83fda80059a503e0f2761ec377d200f7e1f9d2ff48742781e18796a6bfd3bf1,a58bf217faa1b1a16eed7ce9d896f2f7e0a888de6bba5de9827f5307e43c71b4,383.67,2022-03-03 07:24:13.051266
97a24e5387e82f5fcacd49e7fae43ffc978aa8fdbf0f64187763e5b933b8ae50,9a2e579cfde4b3284da285389fccb923e139d96d064a20ce2d1ff199088334c4,1280.2,2022-03-03 05:42:56.322255
8df2fa84ff297baf90ecfdfc45182c583479c0a321686303eac490ca1a66b29f,b58af74ae1b389d9259d34739ed089e6208f76f248c648382f4fa4ab057b2abf,6533.31,2022-03-03 05:18:34.639031
d7e716179a24bc3e39888772807f0fb0d05b4f6bb1f4c9541a5cb605914affb1,19f5a90ad77b10eded17e9c64b24b333bd1b4c5bf5af3299a3a0fd2255c7c023,243.02,2022-03-03 04:49:50.764955
d3618d21f52d53a0a286005f50c6c8f6811c8c14ebdd7bb2ce4ba356b20b808e,b27383d9d182e49ef142332e80995d0b31cefe1f0f980f12d63dcdbb86e60efa,30643.13,2022-03-03 04:08:01.521612
59ea377a0f1961546ef12c16f08d84f634bdb19a4cc216588d2d8b262a162657,de90fc552029e1429ce4752733adb082490b68df5e7fc2739e1f3a3fd3f615dd,1000.0,2022-03-03 03:50:34.348052
6c79247d222086d3f02230020df11dc7364ee2d1f528dddcac2809fa720fd193,cf3d6d4c52267e1b1cc035f8c285e13f56a56924c3ada75cf968e1713dfcaa6c,50000.0,2022-03-03 03:29:33.271697
1ebfed9e4f207f5b95070bc2bf3339e45bca01a496e8f9f01959d706f6dcf332,4bb249478a69fdd1407cbafb5e95bedd42f1acc3b277a33531afcf9322447947,170.85,2022-03-03 03:18:11.799019
8e22c4eb4d1634ad1238a30e9f61dd7383b314c92a3d62f6cd3b53ec779f428a,a20066d805a82ca32a0dbde3aff06d84cf1b9b0ccc62c50c14a233d6195396b4,680.7,2022-03-03 02:55:53.932848
80adb591ec778620a40d247491eff7b2876bbc1840475529c83b0877e0061111,521a986829e479fcd46d5e5447bd2349e5499dfc5aac571a5323298f926aeb7b,14670.0,2022-03-03 02:42:00.608647
6d0958d601ba0a02b56703b0a23db9e5a86220511e6e9d273c9954a74e8794e9,9852f3cd9764c2a21989290632f461d28ad5dcab2ec342681590374ca0723c01,701.55,2022-03-03 02:37:47.066431
2264ce716af3d684ca21157d33d3562960ed4fd0c5c7236867a96c12c01c26ae,0e4419f48e251dbf1403d0255ffc3815229e4777beda50ae7e01b607ac54569e,32606.07,2022-03-03 01:51:49.445039
bb1b946ea78e2519e4093b022c626a70818b44ac79d368be0200a5eae4ae2f94,2186c134c2594c8e5151a7528676667d316c4148a295d791300b35e164a963bd,1013.73,2022-03-03 01:23:11.837900
060b6bf7ed56f4e9f60a8e8e4da7bcc6148330e1ef3cdfd75a737c81d3be5871,9d2a555d6e62aebd5e73594acda1a04acdd531491cafd0165d8c08cd597d7837,1100.48,2022-03-03 01:02:15.332629
d1d5b0ffa760f204491a0d506ccb5cbd64b26b33c10ac2d1cef9392f99426bbc,1ab76035b60a00e599f2a232b65f79187bb9a497ec0bac2e2bef125299639e85,999.97,2022-03-03 00:53:09.796116
2e28249ad9be44d35c9ca29e9420a5dcf271df291e9256906ad18b30a9295882,bb6de947c10ddb94a50209ca195b3a414d44d8e1b6913ef921627a1a4f5b2b5e,256.41,2022-03-03 00:23:50.153691
f93c703ec63817e11c7a4c44156665401ceff80ae8c86d72df29c255c9fdcfc6,cab06579cf0c4861bf073b64f224cbb70312681b89f9e889f6a186eda075fab8,66.35,2022-03-03 00:15:38.710387
7c13293e7df42f0e493abfd2855d15c8977310483ab81e140a45832fd918039a,c6f8f00418c945db3c94132c8795b8abf902fe67da0b52c3f1160f94793ae2b8,24.62,2022-03-03 00:06:14.505152
0530ddaa85d96330f6ae06cbd7c510417dd3823a3c7ccf17e53289ecf20cc08f,810098c4b57e72839a08f5d36b1a2438768a6e1a51afa0870a95b6dd77beae37,11090.33,2022-03-03 00:02:27.115650
23fcebcc401c4c0bb4fc3116d1bee47e2f78e65f5244ad8ab7ed42595e25aee2,976e188ed2cd2e7c6c1c438922d28d092ae9f9ddd1cdba32e2b4718667481ace,1388.29,2022-03-02 23:36:27.028702
87e650e991a13369c2a6d9135066a1aab2ae9614dc86293263c3190b5d941952,c86bd9d78e13124bea952c5e6a446a406a5d1911ad2ff0adcea7050c14358b9b,17777.32,2022-03-02 23:30:51.751267
9e1bd06d9bb17576a04f67c8a7ed90ee33307beee92775173a8893874c3c7d09,df8e4af06acceeb3a2a7f4d731370dbf0a7d7bdf6c3c070335b05a5d5fdfa346,710.85,2022-03-02 23:12:36.832846
bc04c32ab89b52ce60b8a8474a2ebd1b0e9d9690b8eccbcffa8c63950ec3a96c,7fcbd9e0ac1a2e151d4072b1b62d8728336cb66b4a44ff7c5363cfd998e0a399,1804.5,2022-03-02 23:04:48.282757
d843b4b82202807a34e7bfb17f87e93cd23f00bb121476b7ad4d370b9d0b30c4,c4cba305ab5cfd9c3ebcc132ba955b7b26d708afc8993d57fd62339d060583bc,588.28,2022-03-02 22:46:28.999880
37441e81444482d60071e44270f0097a0f21beccba0b1c6f2bc2a1911170c468,70e3cb5dcc9a9d318949d0e4ae263c8960d702dd678f312328423600ec22e8c7,2000.41,2022-03-02 22:43:27.200093
1bf285f41c2d7f2547a01b7c0161d88cdcd697c00820ac0e8c0f1e12bd5e9cd1,8c4cac6fc6d0b0e6dc090519dbe381269d26d340f80754ca2f675fe19984a858,1501.82,2022-03-02 22:18:24.620751
35676f3749b684ac532d21b6c0080d94f30490bb6b8659ec711e3300e0620245,5dc21d27dc1ae11dad126c4232fabc1d55dfd1c81da6a868ee23727e75dd7967,1000.0,2022-03-02 21:34:22.953460
d61107c32ab34d025edc582ccc190303ff97e5a91bfa674e5771dfbee0b6f6b7,62704d009df0da6b16eabaf542dae28f5904ae427aa770cc3d829164490bf6cf,18812.42,2022-03-02 21:12:01.659833
3fa75375e82dffe7779e49f5a96d40f916f4b3e8bb4777a5b0d19b411da98722,82691f22dabd7fc8d4ce0d37a6e2f56d630c95fd7c542b2ef1802027e41059f3,700.0,2022-03-02 20:47:47.665065
8f5989c60e35f79f4c7531d06ca75f2d2469553e9b26b180461b49a5925b257c,761a62fe69e0e17e2fe3d6e38416e531e837de39acaa1bb0c728a2dc5c495028,11695.41,2022-03-02 20:33:59.555693
39c62bc992a6bb4df94ae7a887b6f9cf0e8258d67741450eb06005f616b34671,70f084f66692490775c9bcb9ebb0892a52159cd3a12050222e4186d99948db4d,126.89,2022-03-02 20:23:34.036662
2d002b69d5e70247f4d228c5d97edf1acf97ab65197938cfee432e996f7ad4be,830eb6eb72515ce67de90b0e2485a2d197acc8083a7d06b50cdb2964cdbdc494,100.26,2022-03-02 19:56:57.692916
73ffed0628c75078bdc686179d8abdc9908ccf064e930b8dae3ada8c435a07cc,f4dde45d930b56ce5f7996c6b7239c0f3340a9130d40ecfbe7a2b48a263ee7a4,100.0,2022-03-02 19:43:49.004922
98d66f4f6c1972d46f0cedd54caf12a39cc3b5a863675ec5d774f1300f890998,3630f73593e023f5c24ce22d6b0b100b6c079acf78052664103f73d3b50777a0,547.15,2022-03-02 19:04:28.976384
fdd7f50e98fa7748849f680f30f0481c8d6535b62e339eefd07ae15c9ebb5d0e,dbe9b4ce1fc8a60a3a68cc744a492555bf5b204c9b304c9d9df009f08820123e,26227.95,2022-03-02 18:42:13.111021
bede6f1b5d575bf87231a2fbccb6da05c270432380a532869363bd8e0e7430cd,e03b2366d744c0386d959c934970e93ec33a17bf4457e8180d131973b805b4ad,1472.57,2022-03-02 18:23:33.224053
e1c9dc832f4b2d081f775f48ca63e4105fc25a4de3da7031762710d13ad4a815,8dca892d7971ecf2364635de4bdd3c41b8b91db21af5f02e2be9fbe33fb564b6,700.0,2022-03-02 18:06:44.285438
63043e5fb5bed9bd8889ceb748fe6e7cdd3218562ea13a122b7fb5a06114e62c,7567c872c6cb31ff8654f2f96ac0744fcca0eb97a2849a6dca9ea358623f23f6,2010.23,2022-03-02 18:02:04.135287
e48dcb6fdd56f1d33bd03d693ea69a0c383527cacf51b2db984479b80504e953,2d63b3151990049363ba9611c65cf91da47284702931ad7d42d150bb0828240a,589.76,2022-03-02 17:59:30.262768
d497c5e8691695f7b88612a5695a31fd3e30bac1d8d9830fadc0b3ed0f95636d,3ef1d46984cb2d5f0c38fbd6525f2c7b5223d1efc7ebb587ca2346adabdc3263,5150.0,2022-03-02 17:53:21.633191
8af8372e7325f4372ab3c7860851f696e3242672403a0c424079be70d668e836,c4bcfc676fecd65c880ae4016e821370d8ee23b9103d8de786d567b2c4a49395,29998.13,2022-03-02 17:40:58.964657
65e39984e5eab9072fac0b6f120398497743360b42f01c20dbd47894a89b7608,778189baed8d955b8e08a3110a96055e4ac913065004d5f097f6993e28c30bd4,5428.65,2022-03-02 17:33:38.479968
6fed82f2ae390f45f4fee3917d017e8fcdc77b95921f901a2ca51a736a60e9c2,dfbf062eb5b0de0b0007538317534862862dd6bc85f4f2978cf08bc5e150b014,413.08,2022-03-02 17:24:59.694626
4afa75e4c13798d034711b54d24f9482dcc9d1a671431963fd063321344d4a3e,7146c29525194f6d352e2aea47b20681234df2aa777ae6ee5ee55de0d122ab9b,1002.8,2022-03-02 16:44:59.173466
135dc6ae82625a7da50a93c0f7125398dab195f84e9f0b6c4f8a5ce04e48521a,dcbd584dd9cdac77d0bce8e2951639b240b6edfe1fff2137ccfc4218c436da7e,16666.66,2022-03-02 16:36:54.233627
0cd2777c8a23c23da6365e3d93609669ab427b7c909a7b955f3ec2f7d11123cf,300b618a072f22001ae41caaec7d320c95a51856ef423093b3a8e57fefb6040a,301.0,2022-03-02 16:19:08.564282
af0e726763156a7e1b0328899432b8c10e8e99130c6983c4678e31de7ba7ed7c,0469aba8da223d78f0d5c36d2d3c4a707a95f165c5056b42147d85c58e7ad8d0,26235.42,2022-03-02 16:11:08.989786
4be4e6801db6e4f960f2a4090a6337b09251cce06a9fd0addd8522f32ba8a9dd,6e7bc57a829c89d55c9756f42985621400e7d80b85e8a5aa76d3f35d40985006,1980.44,2022-03-02 15:55:04.489058
ebaf9326fccdb243c1ab0fe9a095f7a9610bbea7b14b741e121d66ce957a1a52,09a89a73272ab95b67f5a82fb5e97dd726861df911d426798d54e5ba0f103415,12.0,2022-03-02 15:52:02.060564
67da5ddd574b43636ffcc4a49b3722aae6723fa2631a01c6deb694560a063a2e,5a7ad747bda3523b4298a5f769d4eaf16f837f7620aede75055acefab1a00b57,3843.09,2022-03-02 15:32:08.014273
35cdd0b4eb06f6117f93887eeb57e33eaeb316ddf7b2c92b5d9ac2c44b364ff5,991c56b7d502312a74d80321b66fd51b3c6d54fec12e34cac5482f30fc9a78cb,1127.88,2022-03-02 15:12:10.597843
c15e2a53da4d1aa7293b1e5e0451c29c51d0b008a4d654de6992fc3cbdd6882a,9dc4aaf9387aae1c28347b7d70ef00060ab089168109f1d4e4d1fdff97910f04,307.38,2022-03-02 15:02:07.127988
0f704f7b2a769840dc907512f35354ffc79324081230e765b06b65b331a49a8d,f73980f03f1a72a82b0ace2cc16d9febf730d1479da31befc7af6541b272fbf6,1351.29,2022-03-02 14:34:11.924592
0ea655550ce25a7f7c12b66b9ba66d6638503e3d084b57ac6b26e8dc7dd25b6c,6b75c17bfb0487c073b30dd3ca8bdf7ccc1b2eb16c08eb0e31bf319ba14659d4,2000.0,2022-03-02 14:32:34.539649
eb88c6595faf5aae6fab9d25d9a7939cdedd75cb9b09fa2143ddeb4f47a07a10,007d0b1bbd7ccc170c6eaa0fc0486e037786e988749488379d8b9a4d34ccea54,11721.72,2022-03-02 14:23:49.431298
9845bd3fab91776e6de41022c31ba5760cda8491ff42c38b42c60c2673a4fdf1,f44e55f7b6ff15027fba8d208e2e9a58fee035266c41473d180ba0203ab2863e,359.84,2022-03-02 14:11:58.377850
ee80acc4d4e567d8e3cb7018baf40fe9b4f4bf5bb43fbf508b8f19a9264a4c01,7e332dc7ff29dd646815dd192f3b792dee51b6bc27edf30dd93bb67a79dcbd2d,466.77,2022-03-02 14:10:26.704047
4c51e0ed96172652dd330630729647cfd48e830d26f2a78f101f4d3cb3094b20,c4b1570f94879656186d03dd63786b43ba0e151b2736b8f6cc93dfb788876ef8,369.98,2022-03-02 14:08:22.947615
589801e4d5791a13dbbb3efcb09c36d9684b1c342988b50bb31d24bfeccacec0,063027a00e3f266688221d8f00d471553fe5a1bae775fff1bdde0f8b3a79e60a,486.77,2022-03-02 14:02:02.675630
e6fc3b9e32147cb96018d2b13fc36ff862fd3b28e7ac6e905ce227eb0d0bf62d,6cffdcfb0c7145ca4a6000aac7f2b28db3879886b0f20efd920e37e7c46417fb,400.0,2022-03-02 13:47:14.803245
0e6a537557c45951946b419d656c49e5f43a2712607fc7ebe168a7904c067e14,35c7436ac0dc0cab3acc87bbfd95d1f96ea39a7d3fb5268e45ca4c26a5d08bde,2500.0,2022-03-02 13:41:27.590309
22797558b5b453b41769d13174e7fa1cac7dc8c41bf297381e84ca54336e2cc7,30e5fd44f392023b09cb95cf4361fbf1a607d6e3f98b1fafebaecb36a2cc94fd,1001.13,2022-03-02 13:38:21.352767
76beb62e5c9e0044268a158d82eef38e8d6c3fa7a3ddb6e799d31f9030573df0,6b6147f0542f1b88924786684569e1fdcb46d1d64a68335ef860a7095e3e3eba,14.04,2022-03-02 13:22:53.184244
69cbd25915e5d804af1efa256eb3deda9282f6f73e11c4a8807d6a86e43b14f5,09db53cdfbac2d99c76b95abb9c395f8161297890db5a6a86c46043c58e9e88d,1201.0,2022-03-02 13:20:45.466776
cda8a970b9cd49abde33946d07a874e5dbffd9a402514e0718c008b0965324a6,c2b098a83e76bcc80412c481301b162cc59ed7bfe819ed3e76669d7a881af3df,125.0,2022-03-02 13:16:16.636659
c41175ca6ccd5c1657b6817fd90e20f401166fad22278b433d7acbff08a9ceb0,03c97147f8302f32cf605dcfdad083db2421d9092c9050ab8d84edd595d2b2cd,77609.98,2022-03-02 12:34:00.600720
92b036cc67a662d8114846bbe23c80eb066d556e2cc4dc3a2910e5bbe9020667,9aa3769a7e921c1eafe119c2716edbefed364662da25e49e2f247b1ce8e00e96,644.67,2022-03-02 12:17:44.207753
5ffbc49842f3401678e618c1bee08ffcc081762b15b664b0ca42dd38e82f2891,385b2adb6c5d516147a9966960947330b7e19c449cf760906ebfafb247a42c77,420186.98,2022-03-02 12:05:44.550578
07c5043c43ee54f14270753ddbbd2af622edaa052cbdfc15f553f40e82cc6e57,c633911192f790ab34e6c937d56d4e5124cd221a1662df41cdb12f6a874a9f2e,9432.0,2022-03-02 12:03:14.287254
42affc17353dc383b39d6ce0868cd51b60829d00b2bc9ee501658281259e06ab,80d7b34b198ef1881553df677183b9f730d368723117956cb1e760695959bade,7099.1,2022-03-02 11:54:10.372695
2d4667578aeecb6f30c7d3cc4af4f4ec88a7b8defc46fec9e556e7f8cf1257cf,cc60ad350cec483ab6b75811d9dbb33559416914d450ae1218681e5bf3751273,1299.67,2022-03-02 11:55:09.107635
e79b426e75a3bdf6a8566606aa95d2307b5ca466500948b3104aa725c4bc3688,78fdf35315dd320b9681ca79e07e5f4f530c067dc94cb312e7249de5d89c97d4,234.31,2022-03-02 11:40:55.256431
b14e4abe6ef01e72d3183562d3084dca1d25cd0c01303e74c897f1d6448c97d3,f8955f881077e3ddd33e7e8fd75077294177b4de0fe2a2177ec1792f4a958085,1012.81,2022-03-02 11:32:18.870019
6c75e0bc8e6b1fc47dd38737fc5764b8c179f169a9599016927b3d5c1daaa3cb,da882fc9b9f0749aa69e9e1c9870909757f74883b5b1186e3d12356104a67bc5,223.98,2022-03-02 11:28:21.748981
9944163b0c8a99be9c3eac942b7764dd113cdde03b7a33126f2fa4b0fd39828a,9c6631171c983639763418e94ebfac389111ce1d8796ba9e74228a3d3a49faba,233.11,2022-03-02 11:29:47.659208
42ebc342139ab18b28c7bd0fd393493ab96cbe377f02da3875b685aa29d329c0,2e5d44b5e65da3dafb6675de9d360f904aa3d292490f26c506b0e1d07ef04b15,999.51,2022-03-02 11:15:02.559484
d9e20f16321c1a2d8c008f9e035f4be4b3f3472bb94470e65d94eb8214344cc5,8f7985bbfaf128c5ca0d81dcf089374ac1f6c82afea078055b9388f13e4b6de6,300.0,2022-03-02 10:57:53.477480
01cbfd8a5ecacd73e102e3439857882431b89de7678b2af9391a9f948bffeca4,1dd200cce9a88c0218351d6a1fc465a1cbcf80cc2ea783c7924a545e5e6dd55b,491.89,2022-03-02 10:49:29.029495
9d3fcb3c674ded2e59fdeb4be6497ac238e7c5253d2a3bf9ee4db6418bb38256,4275cdf35fca75de9b603cb11cfa5eb4475a5dd741dcb3846e87b618ba2105ac,7972.0,2022-03-02 10:30:10.972700
b95ce47da8b66fcae743000c0862d8c58c6083b1bfaabc0346b4e7445ce83ee0,702b3fda3b77817a9a34eb65d3c4f4c1befc8d3cdf5c0a85b5da611b8f2d0b79,1009.97,2022-03-02 10:07:45.512220
a1382ed736de1200d77026a5b356ee09b288cc9fca04150e87e231afdfa5e9f3,f039097593ea6b509dd335f523542061b999b03223a2b4a4cb5bfcde7c03aef1,276703.88,2022-03-02 10:03:13.551156
710b912e1e2dccee14c1eb61d6409c84f493189c04b44f8dae953ff477dba389,1cde3bab4a7cdada43e9f48d53cce73bbb7f2145bcf40480d0296cfb2344b976,3730.34,2022-03-02 09:50:58.527699
62e868d4ee2d1a92fb11284a109f81f1bcfeb5a0b8fa7f46fa60a089f120a23f,ec7c7ef7a6ec2bf6c4cefc06e6ec7162c39afec94bb0ea3ef13a28667f4c8fec,25769.63,2022-03-02 09:44:45.587921
09e185e158ecf08debe4512a8f4b31ab022fc5e5e8b1d314a69d3b6085587bb9,53a8e804027a78acb4ac614b011bed61005e232bc5a2ccb3febfbc7645fbffdb,88111.0,2022-03-02 09:32:56.391731
04798a85e0b9d410d0b21c145674572d4cb031a62ebf0784863e134e72be9210,a1de63a73dc1945266085d1dc1ce7d8bde65ae97ed9f96cd4de06f11c2415f25,1153.3,2022-03-02 09:27:24.964035
d13e54c0c7f29e81748a22574cf2c2d972ace9a11348845b8ddc5a91bc2b6191,5d59448c289724c5c56059864f05ba350a262023ad744c3beda73eb302c5c612,233.35,2022-03-02 09:14:00.899870
e3535c843c481b9f343f2ffd748bebff14e215ed434828f4e1cf91672fff5323,6700f28acf0dbe308f97a0897205d1968bc1e0509b051f9afb9c369913c9081d,12158.0,2022-03-02 09:14:37.355839
0be0b3d85eea16e4a2b7ff4ed281ad9feed1f1477cc7d775985c835645aae2a9,eeb5a3d51ff04b7bee939e126eeb8ceaa38e7d067d774161fc6b4dec036beb8b,999.39,2022-03-02 08:31:15.557957
b6d5e277f02724adac9b55b7a72f42946297375a4d8cae62e20019c4ad8875ea,4efbb6c0b2d07bdd6ca467229b157b736def4ddc12d3cab1141ec38f516dbcff,2486.4,2022-03-02 08:29:41.424163
9762f43f9fefc6dde242e89b24b493fd556d7d4712e745609e7173497721013d,4fbb1aefa61beefdcf85b41bc309b65c831051e74547562b32278d33a9f5d9e4,30657.2,2022-03-02 08:18:39.345162
76eedc3dedc2ed4385eded0459e0a0ede534b1a6b8dc3f9f307460f09d607ded,eac31b048d39a754f3eca87e06d5319b1ae6177ee2119e901e58b28b3e42b0fe,732.55,2022-03-02 07:56:28.418296
5fc4a20ad1ee6504fb58aac6735eadefebfff3cfa74af3d0f6602016acc349e4,9caa4b4727d3b281c046ca06075ce2a37c40b4f8f3ca5bd6b41a85da1727a588,923.84,2022-03-02 07:52:44.738652
4adb52967c80b1382b3ab6a75d442b622a50909a2792103b267520f6ed0fc034,8c572082bf61205a6f257975f2f1d2cff1c9dea7733793084fdf738fc969f217,733.87,2022-03-02 07:13:22.992669
9c2bf9328fc347e20c06cbc4673612d31fddf294925b5a16de06f34f37093f5d,02a657f755a6254359fa65bb5f2636c14e0670c9dc8644f24a60dd3884fe4ef0,80.0,2022-03-02 07:10:18.180292
b41c452c2ed8702c9a62aeaa3d448376cf034cc25463e1995ed3e210300661f8,075cb7be53bc94f47b8f5d4c7aefcec0c4ffa5291004c66729147bcea33dce74,25491.8,2022-03-02 07:05:17.679085
40075b84a4d11d427a766df9df19ad54c6071043ad9993448eb9937206753c5b,8e91a57aeea6dd681e9df3a66571b60bcfdc5650bb7ce06b4198995da2af7688,7510.0,2022-03-02 07:00:03.208535
31a5ac1d429a655fb14b47c48ee2ffeb74b1e63cff29d7ce949cb2637a390071,830458b2f4feaa8bf4e05bfe836a35e5ff51281e9ead2ffd404aeafd82f7dd14,2196.52,2022-03-02 06:19:45.497925
86f01bb5909de1a78311fd898a6f44eeb5d81fcff5ef193e2258949f12ce1147,0f9e5f84c65f1a77605d7f4152359ffbfed41a869ef844cb313b15ee52beaf2b,333333.32,2022-03-02 06:17:05.579224
d5c2221fd1530cba66774ba6345263d1c08aac0bbd5d913458c8fe9541bf7bea,c9dcd9429bc55e5170a4179a806bdfccc8a0f8dbc1ad4c43f6801074bbedbe80,2000.0,2022-03-02 06:02:36.816609
5e62dbfec5da0cc09502cb1e76961b9a3eb77976f65d6bd53fd87e8f454b79be,92278a3565cd3167a43baffddc579051ca0a43fd9c88f20a40c25a47bcc762a3,1128.0,2022-03-02 04:07:59.267528
7c5e88a9d07b99b89b8309a7f591e9287f17ab1a7c737e073371dd47e8592db1,bc15b258665ebab9d1850767a3f10c1a8917e934079cbb34cd008231fab3ef82,150.18,2022-03-02 03:53:46.328300
3ef4d27ce7244ebe7cd24c16d38a1cda8f9070bfa764b213577ca2d702f6f1b1,df17452de2162a071dfc46372cd598a5cbf9990f2bf8d10e54a31280e9d77e27,1001.83,2022-03-02 03:45:11.880295
2a865c3d32d55031ae4ebc0b30fff453262214c7e83fb41983c5ba913161bab9,54686a4e9c9be385936c1bae855e6b34506e4560dc330429f9159b50a91dc819,2280.91,2022-03-02 03:27:09.050187
39f55890bbcc84903863976e725c9fdd303e3d66d9634d6353f4fe93b049f6bc,3c93de48f8c49b464e6fb16283871ce888281cfcac0905ecefd09ddfc7a645dd,82.34,2022-03-02 02:58:10.278142
4b659a6a963d109e0973783f9a944c5ad375d41624c4ddb4c019a6fff067dacb,0dd60c1d106f75cb8a679c66373ca3eb84e6b0ebb899fd89e5108fa63c0608e2,828.0,2022-03-02 02:43:29.017847
9d6256a92d6e5522856ad0676575644f9f5fe9e83ff2160284b517f2020dedf5,5142347a7f533ac72bd8706eb9f3066ec7cb8cacf2b2fe9983e7174363bd2df9,5497.32,2022-03-02 02:18:03.613375
ed21581ac140cabc9d9ee0537d7693b12db42737e0f5e2585e21db3ceadfe7ea,7c8e3bc42cf910bfb04d1335cd0d61f70213c23c6f12405b31fc47cd62ad38aa,131.04,2022-03-02 02:12:05.230977
006e357c1062c8c176882518289a34feb7f2b6ec231a642866f091ff1c99e1ec,4da1971c3b04490a928ee521442ee87ef5a3a1c7549ba69d60c7888a644a9f48,138.81,2022-03-02 02:03:25.739310
e69eca199ded9403ae3841de91b9115a7957de3af4abef50fa13b58870bac81c,354b4a8e82b12c7d69ce88aab9111a47b22be6dc299bde07074a871d7ff7fa61,500.0,2022-03-02 01:42:24.587844
0488e3ccab7e2e55abf743cf5afef2c37fcf2dfed00786a7208f0a703ccf8777,4d3b3cfb0632f01757cac7bcb8fb8ab90c81b7a62d8e96dd2b7def2a17948347,100.0,2022-03-02 01:38:35.229162
19b42fc8bee28e6f23e322466e5f695b4a6f272b15c1e7807ad2372e004bf7b7,4a0b672c94f6cf41bf979f778e2eae89b2237d490de5a25a46b6565a36cc87a1,33322.66,2022-03-02 01:32:57.785705
948aee736517fc0171ab5de1a3ab28bf1b5004e663f41a589212f7c6a6269b3c,a538599752dbe79e311c5b3fabe1eaf3419bf1b92da3df00dac0ffdc4373308f,1292.5,2022-03-02 01:22:42.618622
64c1be8f1978fd76153b718d3b5b4a57ce6962cacb7e8d8489130faaf7df117d,b2301be76a9e98e30ed615eb757c3cd58b18919f65120041298a825b094139a5,44408.66,2022-03-02 00:51:40.006446
a211a46de5eed936ed3efa04152e0da9b1ad29e5726b195c7abbace7c6eddf2b,0df673bb97b80663c33daacdd9ebfa7bd52477aa59053d0164d4ccdbb8503042,1001.85,2022-03-02 00:45:36.667914
bafc3dbb52720bab21ce5a525f657573e93f0d11036204508745791267aa84b8,edb413fd44a6276188ca2eb7b5bad87edc1039697824e0c1c7733cd2325acc82,250000.0,2022-03-02 00:32:36.337827
97e7320364c335f951da20af2e74cfeb3c63e28e324a082cc078d6dee3ad1a42,2e79fee8f5a17b0f9c0910ddcc461a66a24b8cf204f5797110b751dd0d277ae5,827.77,2022-03-02 00:19:34.959393
176f296349bf383e56819037f61da483bc37216386e69dc975ad543df2ebd56a,e7ebdf01c61842179ec92d5c6443f452ff273eb6a11642a6e047789201ebc0f7,457.79,2022-03-02 00:11:16.892425
9862d48c6db0a3f6ce7688b1e4ce20e40131ba308e2c74ecea63c9b43040d5bf,3d7152940f24b6a7b14f971482c705077a9dce4d893d07bc72d5e4c6f1ca0d41,225000.0,2022-03-02 00:08:42.301836
64776c71e3b230ec6153e500f274aa25c74ff8ef85a3ae44d6bcda47e4c7cd0f,a85fe8a435c2973be3041fa7da4a8f0fce9246c0c77d5342b75e13290c31553b,15144.43,2022-03-01 23:54:21.676768
be5030aaeb94316e22cb15fa464f415a1353566c1c4d37c452d2ab6e3b6251b1,d71446d8f5a0033115e967c1fab297a7deee87c44932c064b029220683ea74f7,458.0,2022-03-01 23:51:05.737733
7bac7d2350792aea166fc0def67f6092aecf1d48a9d8cec23455ae54fdc15343,498f23a45c94cb59cc5a259b1db281a2d79f7233fa6b1416062ae3e6b4aeaffa,10866.33,2022-03-01 23:33:55.971457
18c0df5a674c160e39c4934687ac015d1e25f5dcc760f40ad2fd5a5667ada33a,6b26765be085f0c885094bf3378bed44e8ce860759e37c7a33e837629104241d,100.0,2022-03-01 23:26:06.794549
bedef963af27287e239a5d8a6bed054876afaf55de6a4a1b49fa5af3f7bb04b4,cd2e917bc154fc54bac5661f483afd155f594804800e14ac9197e01ef9a810fc,105.53,2022-03-01 23:11:54.639408
1e74c7d3df55cb05ea902142c65bdc4f286bc954fe6474b119bd6bccf55f4aba,54be99933d1c027735f29c9997a30b26354ea211efb3a3bdf77a3b6e389db6bb,16048.0,2022-03-01 23:02:03.524036
16f41a80ca4d4f661353d962f36383146c03412ea3c0f5c0ecb18375207f0dfe,c89e023d9701ffb9fb20d9239687d2bb053d52939f28aaa79d9fed01d754a713,45.17,2022-03-01 22:58:28.568960
b09b2c288193b209b671dd15dd885f346d5c4b0f3dc66c75a12b56966ab15863,bdb1867d72fca20bb981a0caf0106a32d306f103bf3afdb67c7d47de81bf705e,1514.82,2022-03-01 22:30:52.192905
17b0f9a2f870266223320ec021d70f176deaee33fa96f0865f77a4e75f0767eb,dc9576851090c3803044d2ca8c700b4f78087b69ae803a211abc81e84c5599ad,133.42,2022-03-01 22:29:34.247135
80dee8f7fdc14b48bbf8c01582fbf2bf442a141272c40be27f017525e4e33e8e,95fc7908d16c89792200407f3c317c9473fc0cbebe04aad5789494e5c14d176d,2160.66,2022-03-01 22:19:04.982506
fa1d4a31c536198a9a1b2b6a8c41039d7dc1be1015e15411d65b3cc0ce7f81b2,e0559f942765256cbe726da4f7968a29e6c21fc7516b10e9bd6056938d0783a2,1078.16,2022-03-01 22:09:41.132556
ed15582b1556a0186a1e87fb786eaebdd7fa36f368e47a25a26c245798a45363,604f54ee08bb4e237dbc9e7f425c192eded2892ca4ae7525f1cce8fe81b481d2,2171.06,2022-03-01 21:35:46.364179
154419316c5a5d4bdaecccc927df7a61c39d64f1a2cfcd6cdd7d2f89ebb79253,607e41c0e92a9ab39c20fb6694b6528f359b3115d8a14605115761bf80be6aff,52.97,2022-03-01 20:49:08.350558
d9984bb7ceafbae917c0e913e4797b29dadddb98c51ad407e9a06f33bb6b623e,082cf2e71a4afc720d19846c3d51a04f3b8abcf2a37d47c71858b9e7e3ff71af,20051.55,2022-03-01 20:52:14.731504
bec350678e613489b9759ae20982b3f472f600544e9fc252c89736520a7621ed,bb1607b095f4cf22cb3440b7236f6bb716ba7169064e0e1b51c3f10973b01b56,4338.5,2022-03-01 20:45:25.224104
173207d84330e997b561de6e8d8b54fcaba892f8334342722cf1e975edeb107d,41a4644e3d03e161890b577e32912b305cdd5fcee03871214e87d672c65d4216,16161.14,2022-03-01 20:37:58.596913
c0d22877521a4564a6d07c8fbb8817eaceaea885b6c7be4b481f9c2c836751e8,373410e4cff87b6a78920f235a5da6276c4e129af38d609ee93879fc59da2658,14602.66,2022-03-01 20:36:18.594732
cf3c2978bb0f4bf6559353be6511f8d4e1b6af8e4d729203e5c969ea14d797f0,03521da2830153b8bf142d22db07408e24b1e42dbb59c54993b9a66024a5ebde,55.56,2022-03-01 20:24:37.237693
72972ae73b1d934c506e929563dcf096c107fbb8a8279a2c776bfd41721fb1bd,14d377edc528c9ba98e19e4151cadcf400210ca50028ab4306717f2dbb90f540,24512.94,2022-03-01 20:21:30.340353
99745fd908c12873a64ae3a680448d9aea2ab318843f3a28b2a0ff8fdcbbb8a7,86ee66fc521d00402b773a58243d78067176f12030c88e061c5183db6712068a,2541.32,2022-03-01 19:10:22.065371
78386ddae8589468165695885c9c15ca646f85443e4487afe6d317670616d09e,51775f8a0279e73b71baf9ba3603261c85bec512cd0c687bd9da55ad87c75e1e,799.88,2022-03-01 18:43:42.592842
756baef369c5eb6e4f84a0b3840cfa34367fc8a9eb07463b697fad7c4d328af6,4485e6c8b87f8914717d960b11b654f4b5d4beeec88d2e6c30a328e07e6dec53,2924.98,2022-03-01 18:23:03.483077
e56aac052443ad9006a67ccdc9c1abc075aebc07e5eea4cada77291eacbcd096,89c635110855ece9984bd49224fdc686c80064ef2bc039202cf3c87d18112388,50.49,2022-03-01 18:20:39.400877
23f1c279999b10b184341c00de3d1d57c7682411374d2e79caad3bdb3134e76b,46e4beb7f49e6946c758ca35c7c1abf1f4edc080568e9998caeb4dfe812a3983,634.44,2022-03-01 18:18:11.230464
85e8e7bee63ed8415be9acea4c3d2ddffe33944c42ccb623a948856ab3eecd6e,f47eba139f8d3fa2142c5bc65d87706753e3312333b29dc00be5a5e4afe2a15b,216666.66,2022-03-01 18:14:15.823584
57a075a0852bce17d2bdc6e75a0b725c7d04832370666c2d92dba67798b9b3f4,cb20b843951af91518ab8ddc2632f4e5189b1e911416cc9c9cedc53d5a7c5e26,287.15,2022-03-01 18:15:03.786211
807df49d834986cec32f81b53d86a657b51065510212cb82c1a1f343ba1af640,263eb2b6c59e4d353705ecd6e0d7b033bd4e2c7c12052091346efdfb950e86ce,2094.33,2022-03-01 18:07:15.314506
a238580264971ba5571d9001d5c01a30dd3eb2663d5194fdcd05f8fdf6966d44,2053ace25471a93d8b836d133e49dbcaaf213ac37726692466f6a2236a93433f,32.5,2022-03-01 17:58:27.344137
405a43f61380343c553a8599dac0d6926ec2f9bcf32a9d17a5406fb0aebf0a8e,ef85efa198d64e057cd3d7d06471c1cf1b7ab3f26e7a0b80ccaf793a8401fadd,46.39,2022-03-01 17:52:27.601857
d547395c05dde733b75b6a35517a958915555a199d0b652931e844ade0068635,e413c39c752bfb68d7831eb71b1c22ea531b05d4a384f2a47f6a76b097f82491,1000000.0,2022-03-01 17:48:02.340470
7c0d1d22e0f366a048519357281bd13bbe8e7320665bc1b45cb0adcfe64f2bd3,dacedb86ab3657e24cbe051ad059aab364367e7061d4326fa7b77c81e21c8494,1000000.0,2022-03-01 17:40:58.156367
fa2377739d5730ce0c2ca55b509fb88c2757c58493a5070bf08df9f9713c510b,6d1e8faf658f9dac02e2506334e81e031f493f82e82f4d81dedb5601ad7f9695,1109.24,2022-03-01 17:27:59.612411
eb1497b2826ad71717d4c25f926a5fca65bcb3e2bf78f393377ad4ef3ae12302,aab7a2badc6e8ce882e8ce2662803be95973173cd9f71a6a800b3c54133bf597,200.0,2022-03-01 17:23:11.198423
85e7ff78aa17668f78cbf9e2f3e9ace23def27ffdbf10a11e78ba3476cced5d0,1c420ae58f7a883f767024fe1132055629e0c234a2b674b38618da4ed188288f,507.95,2022-03-01 17:22:20.847582
e3aa6515c45325600cfc336b27ccb19e5570220699175fff5883cc03e21d7dc8,71d53a983603050fdfab64dbc264ac9fb797607575b9365c548c23f335c1bf63,2376.81,2022-03-01 17:05:43.088491
ce448cab18bdd44c32f18fd6e8faf415396e067313d9c5b915f38e228ef32490,36fa24b41ff72eb535f15ffee2881f2245ff7afef52360e46fe8b0ba6f0c492c,3418.4,2022-03-01 16:46:52.271903
f740b18d490f3fd6959ed2b035f31182b67852e4867024d302be525b5f1750cf,f1c89a0adb659dc52868435fec55d5bb76c4fbf600d7a466f7f0d9daa355496d,149.0,2022-03-01 16:48:43.433002
9e8674987b9c4897f328e4528a2d021359eae3f941e3c3e64a20ed7259fd9ad6,e253ba318d72c2d56315cf5ace24f7a0f7957113389162378c543c7259284b7a,32210.99,2022-03-01 16:29:15.883137
377516923a7a438c989334ee88353fbc87a8524ff955362136f6309b82edc7f1,0586243b6c521449a13ba78dd1c1e82792b442c8ca32509ef90d1f1df4707114,32.76,2022-03-01 16:21:27.853386
85a80996eea7aecdf3b5e55b653f976b0e568871127e27c055e2eb31a48fe10e,3fb2c14361d24e9cabd3f48a8facfc628d1f9e73bd1cbb898a0b34f95c31c674,499.84,2022-03-01 15:56:21.448640
3579d6d28c978eb3a12cf1de881fbf29fa5dad08dc050300f2e9ab49f799bd31,49ec84c3710671c0681646318a9f69a9df1fd2a8452524cf73375e3518724e76,40.41,2022-03-01 15:36:18.350500
1e5a144825629ed9d82ef7695e3c261d90ffd7a694d420c0337c71d349554a52,25d9458d22ad3dc6b5a2db18aa22b05373eec5782f1b7855528449dbcfe4407f,1136.54,2022-03-01 15:21:06.764244
17fc16ddfb6856c541c841d351988cab61315e02140adac9aba84da12a5ec26e,1e86156d07134d3eaf9b91fa91727fa0e19bda37940dd1a1d82f2af23d6450d3,1005.51,2022-03-01 15:19:41.926916
58a4790e58e46538bbf5bc554536edc0f17d926285cd6f455d38c165490346e1,89041099d5d456e43d77ffb72f30f61b5d1481dc70480731c36d2af818cc3276,7400.0,2022-03-01 15:15:40.000530
1179e950a1e8fed22cbff23e908f5e9a61775f47ec79e42a727138fa1807c658,8b6023cbee196406e2281453e9666da1c8b7acfea818f3d04fab8d7a031f25bf,15671.0,2022-03-01 15:03:25.797765
8a8fea7da3b0a767ef0c2ae0452be2fa00f01ebcc1f96cd15fff47e116603243,8933c9d97a6fe05a3b4146a1c01bad57e78b5cda069d99b865e27946305958f8,211.99,2022-03-01 14:52:44.325365
eeb18f1cc13e2d8a6675df11acb1f976f25562467c9b8ad6ae8b8f21f583cf02,1c6a6a3e29f584211a5dc608e7830736eb43ed885038bda999099913246d636f,8333.32,2022-03-01 14:23:22.379830
d0d42843cff4562a99d28d85d802bcbe538b99035a88efb0338e171a4742c0fb,1e3acee20f3876f9c88b2de6c56bb8e49481a214dce3043893d5e40c6e43e3e8,400.0,2022-03-01 14:01:16.795750
ddfc038bbad564610bf7272a532046b837440cf9351e675bdbf635d9f89d2e51,c81339f338db7ee4197fc52033de656a0fb1d693003a9c59163c63b2691091da,549.72,2022-03-01 14:08:23.608580
1d4ea12f89c554fcc2e4ebe2585b579b453676ca9079446239e2e5c9f665d359,e37b4f5d5946239dd14d96280850911747a43ef5ff4083414bd44ec8c0ff398a,32.62,2022-03-01 13:24:07.276210
d557d9e89392ad87a3b28e1bb5e79932a3bc3a4d4f1ce01ab3cd65b6c2ce98e3,11a910c08f25d2bfff30f29224c5b46ee6722e77b6c21f22284efa3604965aef,33666.64,2022-03-01 13:15:29.116608
861c51239c7905dd796ea8d98a254111a5a047e445e7c0ed890932281da67ea8,563158cebe7837640bd4e876038b554caac1cee25717b3aec6bc672a9229cf4d,1959.47,2022-03-01 13:11:36.012459
1a4991af7ee151c571ce2412d7d5c61a5d8e677d9421e58a940320f1749b5a65,d1c88eebcde1563e96c7ff854ad3410db59319b659f2471b294da2bfa52ba704,1000.0,2022-03-01 12:51:18.705874
f6ba7540be30c3f08fbb7506206b6a5c3496b0c9015a13c80c2fde7b5df821f5,c4ed736a7e5c91bf724bd2f1d3a89d4565c05a3e25722003e6ec7b4a2fdebe3b,5082.97,2022-03-01 12:46:44.802351
6d5caf64b2c2d9b201560db6837eeb1ca22906eb7c2df307f075ac0adbe91bf3,29b7430bdc983c0a47ff917c978046fbee7b57d99fa1ffaab6c6d97108e6bd3c,33643.96,2022-03-01 12:49:26.436462
d11de3bd901891f17cfa445377208b99cb4a5d429d67ea6956671e7ecc4e6034,0e111f146147bad44fc9b9b93032a3e7af363806fd2551b6b75a84d7ac5643fc,100.0,2022-03-01 12:31:02.001590
4a6a5a251413cf409e12da699f6249795f0f57a4118ad9e276cb04eb633e0227,bc67fa6d08bcfa2ae4ac9636a38ed55931947b6889c00285dab1dbf5488e1731,152.9,2022-03-01 12:31:50.987663
6c0c3c08f4a55e8319ae48e8f38827aaf67b383b0b075298560484f0273f6ce8,2ea087abf36ab2d15f2b4e38871a1369c90642ec5ec65851bb941a46691aad1f,3294.27,2022-03-01 12:22:13.547534
c07c18e41877afca8e63a9b02292d23706b677977f8e2c1bf6db873074e09f4a,7fd9c0fe1c475f528706ae968bc46dc002e195874256295c092d61244e5be28c,16.5,2022-03-01 12:12:05.833886
087cb2cd566836e3706656825743688f419a3dab27e9a51330d5572a3ea391a3,ee6fd5ccde0cfd38f427610b2334f74a641c07821b9c0c6b2012d2f315bac38e,10348.87,2022-03-01 11:45:05.641843
089f5d86509f70773659fcfdb210707465e7c16653c694532280d4e330272010,8c4ea24de21e13f77b89966db1fa3feccd1d6127029bc77abb5aa8dd46ab7f38,1114.0,2022-03-01 11:35:30.225602
8f1224baab26ca52874b8d4c65818c353ef811509e5bf53b5c7a6ece1ff7e442,4e6ffb4531f90158b65721e72fa5d315776e1c57e070e76f3d4230504c47ca4f,1051.24,2022-03-01 11:05:52.670344
247b7694d9e7d942ad8f3b6fb99f4289f0ec2d5324ae31c4b1c97e02c3fae727,ebca39b282294cafaef7bdf5009adc8495806f788c3bb7e40770954e54a4032f,2000.0,2022-03-01 09:31:10.212887
a0f165bf50c70965f8f7943ef593a8af6e7983c0c4125a66aec5153df1a0b022,052679e3f567753563533b9fcc0e5a28539f07318a87ca09952495da370ee558,188844.0,2022-03-01 09:34:09.727046
0c3b5702c9634c839db4e1438ff4120582f179c781d61de9d42839604e4f897e,a53b0c8f56ec8f586d8299a8797c98ce46d3ba7f9a86b6a1a4d061b073b58a1e,99.82,2022-03-01 09:37:41.051432
12929d450db2caebe15e06d18c007828193a0e3becdb39b11a6a86ddae7b3fc2,11180dae425281c8b4634ac00aeb20a94d4c0415ebafb239dd6a2d1642e94584,2500.0,2022-03-01 09:10:36.580858
931d4efe17fc8ac9503cd8a35b40dc83ef4a7d6feb43be5f4defb63e666861f4,46f461e5a98aa1569f514c4cba5ed22530f827f84f90707de46543e3e18d7960,3313.66,2022-03-01 09:00:41.092823
f002579ad7516e281629692bd6ae4d0376c0b5ffeebbdeb5368cb4dd9d022f0f,57c2b35fd39ee5db77f128d8b2334b7862ca97551de6ad052ec1c4e8d3886055,6629.13,2022-03-01 08:52:32.752359
ed10b1109dcdaa55f74a647278ecb7dea925d76cfc83e4e401cd6c03526c45bb,79f6e768b9a9744d336b66fdd73ba7442ec15340db01132272971edcfbff7b94,25000.0,2022-03-01 08:08:26.682527
a4b2369aaacf4c5749790271a853c54231b294e73e157e6d90e5c53fc0eecfc0,c03e23552d37e3e7bcb4b707a3a809b9be4b679d041719d494dfaf45a8b72d75,4755.47,2022-03-01 08:06:16.616027
e63427671ab6a7a3c7f781b8a5658c774fb1e14b68738fadeb0ddc784f1e46ef,670dbb45c51bb63b730f554ce0cb88a2802b8aec13c3de98468750fc01caeddd,33666.66,2022-03-01 08:00:51.245092
1d8cea0922e4564ef64b5008e0dd5e0f7fbe6d92d4c7f845341126661bd754ae,4c2bbd3edab0685428074cf0e5bd7e566bd3e04240eee621d9ea06d462770c52,47.18,2022-03-01 07:39:30.763074
51774b4738d5c28c5c2e20111b14cddd4d3ae4bf62958b816be082fc6da3b66b,4af527b430dc468674b2ebcda4b60176a4ba19628da942a405cd2816dad62287,199.07,2022-03-01 07:21:11.417275
ce2dfab372c82a964aaef2e5a9a1286df2703ade99c2233a17ab972396a334cd,afeecd19d97fb740b266144e89c2d429b65e887d46babf77632449fe80e4e57f,8503.87,2022-03-01 06:38:11.583725
473f3f41446a8f838a8641a31f21e97619555a99c5c639e8e893b7cd8dc8bad0,de2289627eb758adde6f8aa8dec7f6f70189841ae7d5c049562dcd3bd0e6c9f0,2676.21,2022-03-01 06:06:11.915652
25567857b5e15300d4a760d751cdfc907783f819fec7a7069ea74cec18f35c68,e3af3eaa079fca8779542c6443daa187a0a29e4d28305b9424e18fe8d40b1ae5,24500.0,2022-03-01 05:33:15.993906
ade35be0289495615cfa90e4795f36a7051e1a7befb3fffeea031100bb7e0208,25e3523caa18d884bf5d2cdfbe9aff84e73c51e11f87f7c1008f80625874bff9,4000.0,2022-03-01 05:14:52.424035
5684b7791de2d09955e8741ed585dfd5776a33397f44847a1155f28455b9d3ad,ffbf7c03eb23b5019c998492e0e83c8d30276199b0a046d72369a19926f1c5ad,26300.0,2022-03-01 05:12:25.064450
3010fcda37d1182a06364c0edbafd5f49b32a9dea1b9c28218f1c49c5c6ab6f2,92f60c2bc2e2913fbf4963cb6c8c6533f2b5a94700f9978a59a4d67e04113ebd,402.13,2022-03-01 04:54:28.222856
ea02994883d23b78c0e63c31e5c3d080c136508e11d0133c8a58ee75663c71ba,51c2f090b9b27a2b5a4a9705cb7ebfcd3578ac65be6a67dd23a8b70d925a357c,437.16,2022-03-01 04:52:01.883169
39691d7b360d978e30f1890ef8447e8e76ea31be6107ae5af181957282c8bf5e,773999581e32b388bdaaed472ce8f0048f53c4c4f5f493f084e3095bf2a88b88,57.52,2022-03-01 04:43:10.008398
36d1bffd85e22a29b11d3ad5e46a100fce81e93ca81c23fe701148da9a71785f,59d04e1f99b42fa8421f17f62416f1054ca5accacf334833213c9a010dab85cb,25000.0,2022-03-01 04:33:25.756839
db5b3e6ba148fea75d4c9deca12d8034315df2396dda070ef8bf1cfd256a9a30,52e41530518ea2cbe3e59c6e17a1e642ae8a15a8c3065d69ac2303085e5e2cfc,4875.32,2022-03-01 04:20:39.202211
2dbf08ebf9b02fd7fc53fd471a248ad99bb2fa552035eb712d39928e2a69d752,620f64482affb3531fa9d3f3bd6879c335b6bb431a8f03b9671ca9032a5c976f,33794.0,2022-03-01 04:18:49.505798
45493a1db83b8ef71ccdb8ced97054413449091ba2df28ae2dc9db82d03973e2,845fafe520c188d04632ba39e607ae2c017492ad840f76960829355662706d4a,10866.33,2022-03-01 04:11:48.668005
a281db8324376c2625221c2f059f2256c18070c569568b8d92829e18f6453dfe,160543170bdb6291d219adea07823d245b064813a04bb09651e70ba984ff0f4d,20000.0,2022-03-01 03:40:03.732297
eabf1800a4707bce78a316bc48d29aef53bd6ecfbd9b98f22ef118e30bc069af,94e72e92bef1bf0185a512312988088beb4437c98963094aa921f62ec986ae8e,258.0,2022-03-01 03:26:35.334122
4275c88fe8283b90c6181b9e371c7a399cdeb2bfc494cc56a73edc49683c4b77,6ee4e6372d091eef427ea2257bfc0a9bc491790d34d9bd47459c715b18ae4c9d,750.0,2022-03-01 03:11:54.148289
18c436ac389edc64292673fd1f0a1af9492140a595e7019352651dc70ecef443,adb60903c65b4856fea561a5d80546d7da9030beba1908f79e4e3463b48c4ef2,19700.51,2022-03-01 03:03:24.035601
521194d41229fca7826ff026770d149c6b042124e7ce29afc153c384e2283535,cde2816a14ab2a357008af94340d06869b74430676f1f89599b50c83c38bb907,32222.0,2022-03-01 03:06:03.686734
d29a2b5187c3028bc0bded548aa18fd4601bf6cf16642717f40717412b899389,e829fef80a04aaefbec6df214499b71541ee090e1c25c9a14de12d776e48429a,1777.31,2022-03-01 02:56:56.334267
be2a0819874e266c6b28a75da85436597fd46a34f4ab597b83d555a5890e7f0e,bc385d4e70d3313c0f73b6c2de77888159b6022280fadaddb74ba63d5d623d8b,549.91,2022-03-01 01:48:04.440881
00e7499c57c8064f18498b3696cf42f4cd47e2a661248b88010b15e069babf91,81cbc50295585b1e6482c3b122e89c4cb423e8521acc0cd52590ff3739906d10,1860.0,2022-03-01 01:34:58.000337
a0570dc73c1cc02470f28948bcc836a0f8110a5753ed5b30d2e9ff10518ee28c,85c9c792e90c46147c995a7cdd9790cf628bc890dd24a9e774c9d28246384a00,1247.08,2022-03-01 01:19:46.485122
ce1b32e4cf89be9d42c892df16f25958d6bd23aa4bdaaa17f931b0123ec17062,a88f986d4705533c3f620a06d752f08fc6b443d2b2c3f9bf95374c0e76ba58b5,1696.36,2022-03-01 01:20:39.228619
36c70ba36caf39032506332731f18b2065323f7a206ed55eba592d5b762a0f14,72c1704b45e37ed63543edcaf529bb332175a45b4081d57bf27b7cbd080aa04e,29698.89,2022-03-01 01:14:26.804196
687f5060e4cb7020fd608a47eea7d7b11c16bf09be566aec11267b70c1074151,7b508653593764a777dc9be74b9b4083fd88b2773c9097fe437e701294435eae,2484.94,2022-03-01 01:06:31.230603
e536420d28c54ee184ae4f51b655f7c7099b6680bf0c2dca250bd2e0a0ef6344,5777296daa5ad024e47e108b63aaf7e19adffa68ce06f738b9cab1de53b906e5,60075.17,2022-03-01 00:44:51.876548
e4a3e1bda55598e1a8b6c5c668346659f4bc0f9953abb390f91eea81f874a51d,880837637365396fd6c32d286d3ea4d0a16f17ae6cb843db636360d1eeb3fccb,37400.0,2022-03-01 00:14:06.173747
5aa8be2abe1372a93f0814505fbca74e7675ff93edd070c5786cfff069ed23c2,fbc03c64632e971bfff635671cb1db91a3d35b3822261f8bbed224c4d1064c8e,417.16,2022-03-01 00:04:31.365938
8023cd0a1576faf992e46c791abad6c23210cb700cbddc37677e9210df99a4c6,6db3cfc6f1e5aaac36375f76b294dc7cfd7b0dade1c0cf3158a344ac5c23ff81,18665.32,2022-02-28 23:59:12.275603
b26043203b9f3861eee9a8de3cfcda90674f854c78f09ccc75ed3301ecefbe95,c4aaa99f230ff5b8a87b1674f3646344ed4f944bc36e99bd470950228708818f,67000.0,2022-02-28 23:36:29.008315
27b06eb6868070eabe241eee55d2dfa5af99bc9ccbd51191e903cbcf765c45da,65cc2508984d3b0f3c016eaaebda8e01a0d9d1e0b19c66cde99a63f6f1567698,204.91,2022-02-28 23:31:48.156729
12ae160fc4886ab33729799ee712bf586a902d2e6eb675c46200aad1e6d60d26,5defb527856c2fc0d33b9c4ced380792c9b1a368a8ac69965f65a0f8688855e8,7978.4,2022-02-28 23:30:26.459752
1f924fc6f961fbf64d61a944de360f7073343e32b7806329fa7dd84f765f689e,2480e41849327954f900de69e08f4987cc30b3e3890eb53c422018d98b668f28,2893.74,2022-02-28 23:24:20.637755
75b39acc27106c0e8a4293370f08aa9d1e10d0e2d0cfcdb3a72902a8332bfaa3,6e7bbe0220ba0b0bf30c77686a4df3000305edaac91f03cdf7b9098b5423ecb8,557.25,2022-02-28 23:22:44.727567
93f866b7c76c57a5de8c75dd8ef1c7dbb11fbdd6e6e9d42ee82c75291c7ef264,33a79d2423f08830bae959256d372eb4a109164a915b6ebcfb2999e5907b3a31,2054.48,2022-02-28 23:14:50.098419
ef3afd132ba0bc9098d84426343d7f234123ac48a6970f8744d6261b74d7fd2a,a5f24d52f7d750fcfff8cfa8969526ca472a88435f95a3af0a1a78dabb0caedd,1013.24,2022-02-28 23:06:40.079876
80e945e49b7b4e07584c96a548fbd2badc19f910ba472ed569dee5e732bc7fa6,d59c6a4dc2213269eaac2b8bc6c5401083af753df2788c33604192e85f044aee,629.41,2022-02-28 23:04:51.537656
ff787e21c02ec916f67f797b63cbcf7ca949d7f3d923d180ed843391afcdb5cc,02856d51f2c4f9181e5dd929194af3b87ac63a2907595ee890d9bfa00f9dfcc1,1522.63,2022-02-28 23:05:35.414795
aa6da05fc6f9a3843ce69508494b95f7c41f39a1b5c8eb4bf9c0a799012a8f03,f6478cc5045e9081d921aabd3c0cf4da52baeeb3cc39f62af46c3751b1f94244,2165.72,2022-02-28 22:56:17.030701
2a7073ba66b3dcc470b22cb33211509cea21ce9fbf2c2fe10c717baf461205ee,27920e116c531a7141e3a946a8addfa1bfe306341f1022adf024c39afd908f25,196.0,2022-02-28 22:57:21.004861
7d393b77e663af4c3affc9a84cd258cdaba32acf9baa397934ca2693c57df1ae,4502b7543fa7457c359adf625148dcd6ec132e8f062fd1aaf11bbd13b78ecf23,7725.0,2022-02-28 22:52:28.827357
1fcd830ef99a7650dea857ca8985b964ef22e3360fe89a8b1d44f00c268a547a,1c7bf4010559c07a2b07981c9fd8aefb199d35ea21a3b8865de253609bb70f1d,1030.24,2022-02-28 22:49:06.667749
dbc1e67582fa76f1aece374db20a830dc4f582439502cd44aee6f276e3a64045,9f5b8addc3436b807bd1199e4670dddd696e4ff43b7cb1b8db24d7ed4dde1e7b,1170.0,2022-02-28 22:50:29.799914
46ee70395c0ac3a87d49b551d3748063c48e7e60ce3f06257d7c8d3ca6d3db1d,0439c772049115d013ce32ec24e887ef16979292b7086a429f1bc42340cce1ac,7516.0,2022-02-28 22:36:50.783887
724aeb0d780e94db880a8aed035ef31226c12ee7c8fd832921237cdf5a6df023,7d2442cd71cb4f479aa39e2bb94c4ff7d6adcf5dc36b6973199feed8d9894802,111044.0,2022-02-28 22:38:36.625035
02e4527813f3f8f771132b90ca4e9a14c965b2739a1d0be720369cf1ae6cf794,43f6b8da0a2295208b4cc545f1eb309151033349310267febbc31e89e314432b,1020.74,2022-02-28 22:33:26.845896
c67acc5fc9ef38f186018397a2737d412ed74da9396744261b854c2d540c680c,2d5420344367c6392706b31e45608ee5f4343491315acde26c011f67c8c29ea2,1365.36,2022-02-28 22:26:50.984846
8212a131cf278e10f5131b2d0feb67c80dac59f3c7a87974c76e1dd91abac834,ea7d4ff6a0dab2c819ca61fa0d40f2e985dfc6cda8e4d487e8a59d6414de9aab,2314.85,2022-02-28 22:26:23.730398
01c2f1f55158d7050f9891805fad2da1b9578ac25440da2d9e3f8dced0362bac,92b7b5d6982cea41c316cbacb23b6c08458a82192ef6dbc347bacfe5e726f3c3,22208.66,2022-02-28 20:16:24.768882
5d9518d60c2ae4e7a1f3d5b34552c5b56a4a4d3acb7db94b180f933f538f7632,52865649981985cbe18856cc3b87fd0c3ae9116e5ac881f92111f17ce5af5dcc,18071.55,2022-02-28 20:18:01.563993
471a14ac6270025a2f64d82a7033cc6a3c19cb98af2117b6559642ad4dca2d32,9b4cf271b55d515fcd2fe8429ee321bcac51a46c6bebee06b0625cfd33c8fa09,103597.3,2022-02-28 20:12:33.994347
f7b23e6c8629bbbbec6d0d98de3ac97d8b840ed8b380db367ffebdf697f5bc6b,55d22e0ea30b37f64ee8abfcdde4c1db8c5c22a3ee3fb2b92e495703662bc388,281.18,2022-02-28 20:10:35.051856
230b1de28d5ff85843fd61a31dac8e59289d68724625d34bc5a63012a95df467,ca0d98567cafd282a912c286d9fdb46bc39ea66d27b3b1ffccb06fbfe85752a7,1003.59,2022-02-28 20:03:46.228537
c1041dbf7706e39d04d7023413d360b8f52549c91791187d53eb0ac0bd944aef,68ea1c2ed6b66671a29224bcb307f5404d1b6901fc653beef388698a58e192a0,101010.99,2022-02-28 19:54:48.695143
92cd5bedc3b4c8a3e9c202234033060d4d23cf38533ff689ae96da56da1c2edc,e5ec5717a95112a8bfa5a3f74304994c0b40cbcc6ae867101c43f34ed8b0ac2e,520.14,2022-02-28 19:49:23.370239
5333686cc76d7ed1160bb9ff7f6f5c1e4579f02df80c1b3a766dc45799cc5e88,aa90900f812f773f639ba5d249d7108118ecf2fbe35d7bd8ec6f0cb403e7e421,1001.13,2022-02-28 19:41:06.508964
520228515cfd029dbf66c9923fbe5ebdc44c605bb59e60d586016af776169650,76ec23a357c1f5aa7a969e607415d9395981ee2cdfb1431a5f92f9cba6d3984f,6343.56,2022-02-28 19:37:51.446980
